run,elapsed,device,rdiops,rdmerges,rdkbps,wriops,wrmerges,wrkbps
296,1000,blk_sdb,212.0,0.0,4808.0,0.0,0.0,0.0
296,2000,blk_sdb,478.0,0.0,9884.0,0.0,0.0,0.0
296,3000,blk_sdb,510.0,0.0,10536.0,3.0,1.0,16.0
296,4000,blk_sdb,512.0,0.0,11184.0,0.0,0.0,0.0
296,5000,blk_sdb,456.0,0.0,10664.0,0.0,0.0,0.0
296,6000,blk_sdb,505.0,0.0,10512.0,0.0,0.0,0.0
296,7000,blk_sdb,546.0,0.0,12688.0,0.0,0.0,0.0
296,8000,blk_sdb,461.0,0.0,10168.0,3.0,1.0,16.0
296,9000,blk_sdb,532.0,0.0,10648.0,0.0,0.0,0.0
296,10000,blk_sdb,406.0,0.0,7744.0,0.0,0.0,0.0
296,11000,blk_sdb,438.0,0.0,9120.0,0.0,0.0,0.0
296,12000,blk_sdb,504.0,0.0,10356.0,0.0,0.0,0.0
296,13000,blk_sdb,404.0,0.0,8792.0,3.0,1.0,16.0
296,14000,blk_sdb,385.0,0.0,7368.0,0.0,0.0,0.0
296,15000,blk_sdb,391.0,0.0,6276.0,0.0,0.0,0.0
296,16000,blk_sdb,316.0,0.0,6052.0,134.0,2659.0,11172.0
296,17000,blk_sdb,389.0,0.0,7012.0,0.0,0.0,0.0
296,18000,blk_sdb,327.0,0.0,5688.0,3.0,4.0,28.0
296,19000,blk_sdb,9.0,0.0,144.0,0.0,0.0,0.0
296,20000,blk_sdb,23.0,0.0,360.0,0.0,0.0,0.0
296,21000,blk_sdb,251.0,0.0,4436.0,3.0,0.0,12.0
296,22000,blk_sdb,190.0,0.0,2940.0,0.0,0.0,0.0
296,23000,blk_sdb,133.0,0.0,2480.0,2.0,2.0,16.0
296,24000,blk_sdb,235.0,0.0,3808.0,0.0,0.0,0.0
296,25000,blk_sdb,149.0,0.0,2852.0,0.0,0.0,0.0
296,26000,blk_sdb,320.0,0.0,5224.0,0.0,0.0,0.0
296,27000,blk_sdb,232.0,0.0,3740.0,0.0,0.0,0.0
296,28000,blk_sdb,238.0,0.0,4468.0,3.0,1.0,16.0
296,29000,blk_sdb,235.0,0.0,3944.0,0.0,0.0,0.0
296,30000,blk_sdb,247.0,0.0,4704.0,0.0,0.0,0.0
296,31000,blk_sdb,226.0,0.0,3116.0,0.0,0.0,0.0
296,32000,blk_sdb,123.0,0.0,1908.0,0.0,0.0,0.0
296,33000,blk_sdb,6.0,0.0,180.0,2.0,2.0,16.0
296,34000,blk_sdb,0.0,0.0,0.0,0.0,0.0,0.0
296,35000,blk_sdb,34.0,0.0,660.0,0.0,0.0,0.0
296,36000,blk_sdb,0.0,0.0,0.0,3069.0,1098.0,16588.0
296,37000,blk_sdb,7.0,0.0,124.0,67.0,12.0,312.0
296,38000,blk_sdb,20.0,0.0,448.0,3.0,3.0,12.0
296,39000,blk_sdb,3.0,0.0,80.0,165.0,28.0,756.0
296,40000,blk_sdb,0.0,0.0,0.0,199.0,32.0,928.0
296,41000,blk_sdb,1.0,0.0,4.0,219.0,28.0,1016.0
296,42000,blk_sdb,3.0,0.0,20.0,1589.0,1257.0,11012.0
296,43000,blk_sdb,18.0,0.0,380.0,789.0,591.0,5972.0
296,44000,blk_sdb,0.0,0.0,0.0,0.0,0.0,0.0
296,45000,blk_sdb,0.0,0.0,0.0,0.0,0.0,0.0
296,46000,blk_sdb,11.0,0.0,232.0,0.0,0.0,0.0
296,47000,blk_sdb,8.0,0.0,192.0,0.0,0.0,0.0
296,48000,blk_sdb,19.0,0.0,344.0,116.0,1515.0,6524.0
296,49000,blk_sdb,66.0,0.0,940.0,0.0,0.0,0.0
296,50000,blk_sdb,57.0,0.0,1024.0,0.0,0.0,0.0
296,51000,blk_sdb,77.0,0.0,1160.0,0.0,0.0,0.0
296,52000,blk_sdb,10.0,0.0,240.0,0.0,0.0,0.0
296,53000,blk_sdb,1.0,0.0,108.0,3.0,1.0,16.0
296,54000,blk_sdb,2.0,0.0,44.0,0.0,0.0,0.0
296,55000,blk_sdb,24.0,0.0,240.0,0.0,0.0,0.0
296,56000,blk_sdb,0.0,0.0,0.0,0.0,0.0,0.0
296,57000,blk_sdb,22.0,0.0,412.0,0.0,0.0,0.0
296,58000,blk_sdb,43.0,0.0,384.0,0.0,0.0,0.0
296,59000,blk_sdb,60.0,0.0,1268.0,2.0,2.0,16.0
296,60000,blk_sdb,62.0,0.0,1040.0,0.0,0.0,0.0
296,61000,blk_sdb,83.0,0.0,1896.0,0.0,0.0,0.0
296,62000,blk_sdb,224.0,0.0,3316.0,0.0,0.0,0.0
296,63000,blk_sdb,144.0,0.0,2724.0,0.0,0.0,0.0
296,64000,blk_sdb,90.0,0.0,1648.0,2.0,2.0,16.0
296,65000,blk_sdb,221.0,0.0,3396.0,0.0,0.0,0.0
296,66000,blk_sdb,152.0,0.0,2168.0,0.0,0.0,0.0
296,67000,blk_sdb,170.0,0.0,2360.0,0.0,0.0,0.0
296,68000,blk_sdb,149.0,0.0,2228.0,0.0,0.0,0.0
296,69000,blk_sdb,134.0,0.0,1832.0,2.0,2.0,16.0
296,70000,blk_sdb,159.0,0.0,2856.0,0.0,0.0,0.0
296,71000,blk_sdb,109.0,0.0,2080.0,0.0,0.0,0.0
296,72000,blk_sdb,103.0,0.0,1660.0,0.0,0.0,0.0
296,73000,blk_sdb,40.0,0.0,448.0,807.0,445.0,5008.0
296,74000,blk_sdb,57.0,0.0,812.0,2.0,2.0,16.0
296,75000,blk_sdb,96.0,0.0,1636.0,0.0,0.0,0.0
296,76000,blk_sdb,32.0,0.0,648.0,0.0,0.0,0.0
296,77000,blk_sdb,70.0,0.0,1096.0,0.0,0.0,0.0
296,78000,blk_sdb,125.0,0.0,2432.0,102.0,502.0,2416.0
296,79000,blk_sdb,99.0,0.0,1444.0,2.0,2.0,16.0
296,80000,blk_sdb,55.0,0.0,892.0,0.0,0.0,0.0
296,81000,blk_sdb,76.0,0.0,1220.0,0.0,0.0,0.0
296,82000,blk_sdb,35.0,0.0,632.0,0.0,0.0,0.0
296,83000,blk_sdb,17.0,0.0,284.0,52.0,1500.0,6208.0
296,84000,blk_sdb,24.0,0.0,292.0,2.0,2.0,16.0
296,85000,blk_sdb,17.0,0.0,204.0,0.0,0.0,0.0
296,86000,blk_sdb,47.0,0.0,880.0,0.0,0.0,0.0
296,87000,blk_sdb,65.0,0.0,1268.0,0.0,0.0,0.0
296,88000,blk_sdb,37.0,0.0,480.0,0.0,0.0,0.0
296,89000,blk_sdb,81.0,0.0,1292.0,2.0,2.0,16.0
296,90000,blk_sdb,114.0,0.0,1740.0,0.0,0.0,0.0
296,91000,blk_sdb,153.0,0.0,2112.0,0.0,0.0,0.0
296,92000,blk_sdb,160.0,0.0,2748.0,0.0,0.0,0.0
296,93000,blk_sdb,123.0,0.0,2036.0,0.0,0.0,0.0
296,94000,blk_sdb,38.0,0.0,568.0,2.0,2.0,16.0
296,95000,blk_sdb,87.0,0.0,1712.0,0.0,0.0,0.0
296,96000,blk_sdb,95.0,0.0,1508.0,0.0,0.0,0.0
296,97000,blk_sdb,139.0,0.0,2152.0,0.0,0.0,0.0
296,98000,blk_sdb,132.0,0.0,1980.0,0.0,0.0,0.0
296,99000,blk_sdb,47.0,0.0,460.0,2.0,2.0,16.0
296,100000,blk_sdb,128.0,0.0,1812.0,0.0,0.0,0.0
296,101000,blk_sdb,85.0,0.0,1344.0,0.0,0.0,0.0
296,102000,blk_sdb,146.0,0.0,2492.0,0.0,0.0,0.0
296,103000,blk_sdb,84.0,0.0,1268.0,650.0,387.0,4148.0
296,104000,blk_sdb,88.0,0.0,968.0,3.0,2.0,20.0
296,105000,blk_sdb,74.0,0.0,1136.0,0.0,0.0,0.0
296,106000,blk_sdb,17.0,0.0,312.0,0.0,0.0,0.0
296,107000,blk_sdb,41.0,0.0,460.0,0.0,0.0,0.0
296,108000,blk_sdb,66.0,0.0,1072.0,118.0,603.0,2884.0
296,109000,blk_sdb,144.0,0.0,2164.0,3.0,1.0,16.0
296,110000,blk_sdb,106.0,0.0,1640.0,0.0,0.0,0.0
296,111000,blk_sdb,130.0,0.0,2064.0,0.0,0.0,0.0
296,112000,blk_sdb,62.0,0.0,1044.0,0.0,0.0,0.0
296,113000,blk_sdb,126.0,0.0,2076.0,0.0,0.0,0.0
296,114000,blk_sdb,30.0,0.0,596.0,3.0,1.0,16.0
296,115000,blk_sdb,45.0,0.0,800.0,0.0,0.0,0.0
296,116000,blk_sdb,38.0,0.0,684.0,0.0,0.0,0.0
296,117000,blk_sdb,67.0,0.0,1256.0,0.0,0.0,0.0
296,118000,blk_sdb,76.0,0.0,1228.0,12.0,820.0,3328.0
296,119000,blk_sdb,93.0,0.0,1480.0,3.0,1.0,16.0
296,120000,blk_sdb,84.0,0.0,1068.0,0.0,0.0,0.0
296,121000,blk_sdb,106.0,0.0,1556.0,0.0,0.0,0.0
296,122000,blk_sdb,89.0,0.0,1628.0,0.0,0.0,0.0
296,123000,blk_sdb,73.0,0.0,1444.0,0.0,0.0,0.0
296,124000,blk_sdb,65.0,0.0,936.0,3.0,1.0,16.0
296,125000,blk_sdb,102.0,0.0,1804.0,0.0,0.0,0.0
296,126000,blk_sdb,63.0,0.0,944.0,0.0,0.0,0.0
296,127000,blk_sdb,81.0,0.0,1320.0,0.0,0.0,0.0
296,128000,blk_sdb,99.0,0.0,1788.0,1.0,3.0,16.0
296,129000,blk_sdb,70.0,0.0,1080.0,3.0,1.0,16.0
296,130000,blk_sdb,80.0,0.0,1292.0,0.0,0.0,0.0
296,131000,blk_sdb,114.0,0.0,1488.0,0.0,0.0,0.0
296,132000,blk_sdb,66.0,0.0,1048.0,0.0,0.0,0.0
296,133000,blk_sdb,87.0,0.0,1508.0,704.0,429.0,4532.0
296,134000,blk_sdb,89.0,0.0,1576.0,2.0,5.0,28.0
296,135000,blk_sdb,27.0,0.0,328.0,0.0,0.0,0.0
296,136000,blk_sdb,131.0,0.0,2072.0,0.0,0.0,0.0
296,137000,blk_sdb,98.0,0.0,1772.0,0.0,0.0,0.0
296,138000,blk_sdb,88.0,0.0,1036.0,169.0,722.0,3564.0
296,139000,blk_sdb,63.0,0.0,944.0,3.0,1.0,16.0
296,140000,blk_sdb,83.0,0.0,1520.0,0.0,0.0,0.0
296,141000,blk_sdb,23.0,0.0,228.0,0.0,0.0,0.0
296,142000,blk_sdb,44.0,0.0,456.0,0.0,0.0,0.0
296,143000,blk_sdb,41.0,0.0,1056.0,0.0,0.0,0.0
296,144000,blk_sdb,4.0,0.0,124.0,2.0,2.0,16.0
296,145000,blk_sdb,0.0,0.0,0.0,0.0,0.0,0.0
296,146000,blk_sdb,43.0,0.0,720.0,0.0,0.0,0.0
296,147000,blk_sdb,19.0,0.0,292.0,0.0,0.0,0.0
296,148000,blk_sdb,69.0,0.0,1524.0,0.0,0.0,0.0
296,149000,blk_sdb,71.0,0.0,1608.0,3.0,1.0,16.0
296,150000,blk_sdb,48.0,0.0,956.0,0.0,0.0,0.0
296,151000,blk_sdb,69.0,0.0,1040.0,0.0,0.0,0.0
296,152000,blk_sdb,72.0,0.0,820.0,0.0,0.0,0.0
296,153000,blk_sdb,44.0,0.0,744.0,0.0,0.0,0.0
296,154000,blk_sdb,52.0,0.0,732.0,2.0,2.0,16.0
296,155000,blk_sdb,75.0,0.0,1360.0,0.0,0.0,0.0
296,156000,blk_sdb,85.0,0.0,1644.0,0.0,0.0,0.0
296,157000,blk_sdb,82.0,0.0,1564.0,0.0,0.0,0.0
296,158000,blk_sdb,47.0,0.0,972.0,125.0,3634.0,15036.0
296,159000,blk_sdb,77.0,0.0,1436.0,2.0,2.0,16.0
296,160000,blk_sdb,43.0,0.0,992.0,0.0,0.0,0.0
296,161000,blk_sdb,45.0,0.0,952.0,0.0,0.0,0.0
296,162000,blk_sdb,24.0,0.0,464.0,0.0,0.0,0.0
296,163000,blk_sdb,96.0,0.0,1452.0,817.0,398.0,4860.0
296,164000,blk_sdb,68.0,0.0,976.0,2.0,2.0,16.0
296,165000,blk_sdb,33.0,0.0,764.0,0.0,0.0,0.0
296,166000,blk_sdb,30.0,0.0,636.0,0.0,0.0,0.0
296,167000,blk_sdb,49.0,0.0,988.0,0.0,0.0,0.0
296,168000,blk_sdb,93.0,0.0,1256.0,168.0,661.0,3316.0
296,169000,blk_sdb,30.0,0.0,328.0,3.0,1.0,16.0
296,170000,blk_sdb,96.0,0.0,1736.0,0.0,0.0,0.0
296,171000,blk_sdb,94.0,0.0,1764.0,0.0,0.0,0.0
296,172000,blk_sdb,124.0,0.0,1888.0,0.0,0.0,0.0
296,173000,blk_sdb,36.0,0.0,524.0,0.0,0.0,0.0
296,174000,blk_sdb,79.0,0.0,1124.0,2.0,2.0,16.0
296,175000,blk_sdb,72.0,0.0,924.0,0.0,0.0,0.0
296,176000,blk_sdb,84.0,0.0,1200.0,0.0,0.0,0.0
296,177000,blk_sdb,51.0,0.0,736.0,0.0,0.0,0.0
296,178000,blk_sdb,58.0,0.0,748.0,0.0,0.0,0.0
296,179000,blk_sdb,41.0,0.0,472.0,2.0,2.0,16.0
296,180000,blk_sdb,35.0,0.0,680.0,0.0,0.0,0.0
296,181000,blk_sdb,84.0,0.0,1104.0,0.0,0.0,0.0
296,182000,blk_sdb,48.0,0.0,1036.0,0.0,0.0,0.0
296,183000,blk_sdb,48.0,0.0,736.0,0.0,0.0,0.0
296,184000,blk_sdb,65.0,0.0,1252.0,2.0,2.0,16.0
296,185000,blk_sdb,58.0,0.0,1204.0,0.0,0.0,0.0
296,186000,blk_sdb,63.0,0.0,936.0,0.0,0.0,0.0
296,187000,blk_sdb,52.0,0.0,1068.0,0.0,0.0,0.0
296,188000,blk_sdb,53.0,0.0,1540.0,0.0,0.0,0.0
296,189000,blk_sdb,55.0,0.0,824.0,2.0,2.0,16.0
296,190000,blk_sdb,22.0,0.0,320.0,0.0,0.0,0.0
296,191000,blk_sdb,19.0,0.0,480.0,0.0,0.0,0.0
296,192000,blk_sdb,69.0,0.0,1316.0,0.0,0.0,0.0
296,193000,blk_sdb,48.0,0.0,596.0,135.0,2777.0,11648.0
296,194000,blk_sdb,58.0,0.0,1024.0,2.0,2.0,16.0
296,195000,blk_sdb,0.0,0.0,0.0,0.0,0.0,0.0
296,196000,blk_sdb,13.0,0.0,128.0,0.0,0.0,0.0
296,197000,blk_sdb,30.0,0.0,448.0,0.0,0.0,0.0
296,198000,blk_sdb,8.0,0.0,264.0,7.0,498.0,32.0
296,199000,blk_sdb,0.0,0.0,0.0,184.0,125.0,3224.0
296,200000,blk_sdb,35.0,0.0,804.0,0.0,0.0,0.0
296,201000,blk_sdb,58.0,0.0,904.0,0.0,0.0,0.0
296,202000,blk_sdb,30.0,0.0,468.0,0.0,0.0,0.0
296,203000,blk_sdb,97.0,0.0,1816.0,0.0,0.0,0.0
296,204000,blk_sdb,30.0,0.0,976.0,2.0,2.0,16.0
296,205000,blk_sdb,49.0,0.0,700.0,0.0,0.0,0.0
296,206000,blk_sdb,41.0,0.0,776.0,0.0,0.0,0.0
296,207000,blk_sdb,56.0,0.0,1184.0,0.0,0.0,0.0
296,208000,blk_sdb,54.0,0.0,732.0,0.0,0.0,0.0
296,209000,blk_sdb,41.0,0.0,660.0,3.0,1.0,16.0
296,210000,blk_sdb,88.0,0.0,1180.0,0.0,0.0,0.0
296,211000,blk_sdb,83.0,0.0,1132.0,0.0,0.0,0.0
296,212000,blk_sdb,71.0,0.0,1088.0,0.0,0.0,0.0
296,213000,blk_sdb,57.0,0.0,936.0,0.0,0.0,0.0
296,214000,blk_sdb,43.0,0.0,656.0,2.0,2.0,16.0
296,215000,blk_sdb,80.0,0.0,1332.0,0.0,0.0,0.0
296,216000,blk_sdb,53.0,0.0,1236.0,0.0,0.0,0.0
296,217000,blk_sdb,50.0,0.0,1060.0,0.0,0.0,0.0
296,218000,blk_sdb,66.0,0.0,880.0,0.0,0.0,0.0
296,219000,blk_sdb,46.0,0.0,652.0,2.0,2.0,16.0
296,220000,blk_sdb,79.0,0.0,1508.0,0.0,0.0,0.0
296,221000,blk_sdb,61.0,0.0,696.0,0.0,0.0,0.0
296,222000,blk_sdb,30.0,0.0,804.0,0.0,0.0,0.0
296,223000,blk_sdb,40.0,0.0,652.0,0.0,0.0,0.0
296,224000,blk_sdb,30.0,0.0,628.0,102.0,381.0,1932.0
296,225000,blk_sdb,47.0,0.0,544.0,0.0,0.0,0.0
296,226000,blk_sdb,54.0,0.0,776.0,0.0,0.0,0.0
296,227000,blk_sdb,64.0,0.0,1144.0,0.0,0.0,0.0
296,228000,blk_sdb,48.0,0.0,852.0,0.0,0.0,0.0
296,229000,blk_sdb,18.0,0.0,200.0,275.0,2723.0,11992.0
296,230000,blk_sdb,49.0,0.0,728.0,0.0,0.0,0.0
296,231000,blk_sdb,47.0,0.0,676.0,0.0,0.0,0.0
296,232000,blk_sdb,47.0,0.0,512.0,0.0,0.0,0.0
296,233000,blk_sdb,34.0,0.0,920.0,0.0,0.0,0.0
296,234000,blk_sdb,49.0,0.0,592.0,2.0,2.0,16.0
296,235000,blk_sdb,54.0,0.0,756.0,0.0,0.0,0.0
296,236000,blk_sdb,55.0,0.0,692.0,0.0,0.0,0.0
296,237000,blk_sdb,41.0,0.0,512.0,0.0,0.0,0.0
296,238000,blk_sdb,48.0,0.0,676.0,0.0,0.0,0.0
296,239000,blk_sdb,40.0,0.0,532.0,3.0,1.0,16.0
296,240000,blk_sdb,61.0,0.0,1136.0,0.0,0.0,0.0
296,241000,blk_sdb,36.0,0.0,656.0,0.0,0.0,0.0
296,242000,blk_sdb,48.0,0.0,784.0,0.0,0.0,0.0
296,243000,blk_sdb,24.0,0.0,468.0,0.0,0.0,0.0
296,244000,blk_sdb,18.0,0.0,308.0,2.0,2.0,16.0
296,245000,blk_sdb,40.0,0.0,536.0,0.0,0.0,0.0
296,246000,blk_sdb,67.0,0.0,708.0,0.0,0.0,0.0
296,247000,blk_sdb,27.0,0.0,540.0,0.0,0.0,0.0
296,248000,blk_sdb,39.0,0.0,852.0,0.0,0.0,0.0
296,249000,blk_sdb,69.0,0.0,1440.0,2.0,2.0,16.0
296,250000,blk_sdb,45.0,0.0,708.0,0.0,0.0,0.0
296,251000,blk_sdb,33.0,0.0,428.0,0.0,0.0,0.0
296,252000,blk_sdb,71.0,0.0,1340.0,0.0,0.0,0.0
296,253000,blk_sdb,35.0,0.0,328.0,0.0,0.0,0.0
296,254000,blk_sdb,43.0,0.0,532.0,115.0,453.0,2272.0
296,255000,blk_sdb,42.0,0.0,752.0,0.0,0.0,0.0
296,256000,blk_sdb,78.0,0.0,1576.0,0.0,0.0,0.0
296,257000,blk_sdb,38.0,0.0,708.0,0.0,0.0,0.0
296,258000,blk_sdb,30.0,0.0,540.0,0.0,0.0,0.0
296,259000,blk_sdb,66.0,0.0,736.0,225.0,671.0,3584.0
296,260000,blk_sdb,54.0,0.0,916.0,0.0,0.0,0.0
296,261000,blk_sdb,25.0,0.0,160.0,0.0,0.0,0.0
296,262000,blk_sdb,38.0,0.0,748.0,0.0,0.0,0.0
296,263000,blk_sdb,37.0,0.0,804.0,0.0,0.0,0.0
296,264000,blk_sdb,25.0,0.0,508.0,73.0,2347.0,9680.0
296,265000,blk_sdb,48.0,0.0,644.0,0.0,0.0,0.0
296,266000,blk_sdb,39.0,0.0,840.0,0.0,0.0,0.0
296,267000,blk_sdb,47.0,0.0,896.0,0.0,0.0,0.0
296,268000,blk_sdb,61.0,0.0,1192.0,0.0,0.0,0.0
296,269000,blk_sdb,29.0,0.0,600.0,2.0,2.0,16.0
296,270000,blk_sdb,36.0,0.0,704.0,0.0,0.0,0.0
296,271000,blk_sdb,57.0,0.0,756.0,0.0,0.0,0.0
296,272000,blk_sdb,41.0,0.0,544.0,0.0,0.0,0.0
296,273000,blk_sdb,63.0,0.0,1188.0,0.0,0.0,0.0
296,274000,blk_sdb,23.0,0.0,464.0,2.0,2.0,16.0
296,275000,blk_sdb,43.0,0.0,684.0,0.0,0.0,0.0
296,276000,blk_sdb,52.0,0.0,796.0,0.0,0.0,0.0
296,277000,blk_sdb,47.0,0.0,748.0,0.0,0.0,0.0
296,278000,blk_sdb,30.0,0.0,644.0,0.0,0.0,0.0
296,279000,blk_sdb,28.0,0.0,320.0,2.0,2.0,16.0
296,280000,blk_sdb,54.0,0.0,776.0,0.0,0.0,0.0
296,281000,blk_sdb,65.0,0.0,1492.0,0.0,0.0,0.0
296,282000,blk_sdb,27.0,0.0,348.0,0.0,0.0,0.0
296,283000,blk_sdb,27.0,0.0,556.0,0.0,0.0,0.0
296,284000,blk_sdb,37.0,0.0,668.0,121.0,460.0,2324.0
296,285000,blk_sdb,32.0,0.0,416.0,0.0,0.0,0.0
296,286000,blk_sdb,63.0,0.0,1260.0,0.0,0.0,0.0
296,287000,blk_sdb,31.0,0.0,548.0,0.0,0.0,0.0
296,288000,blk_sdb,47.0,0.0,672.0,0.0,0.0,0.0
296,289000,blk_sdb,50.0,0.0,884.0,235.0,735.0,3880.0
296,290000,blk_sdb,15.0,0.0,292.0,0.0,0.0,0.0
296,291000,blk_sdb,21.0,0.0,452.0,0.0,0.0,0.0
296,292000,blk_sdb,36.0,0.0,444.0,0.0,0.0,0.0
296,293000,blk_sdb,36.0,0.0,692.0,0.0,0.0,0.0
296,294000,blk_sdb,17.0,0.0,332.0,70.0,2126.0,8784.0
296,295000,blk_sdb,84.0,0.0,1212.0,0.0,0.0,0.0
296,296000,blk_sdb,67.0,0.0,1064.0,0.0,0.0,0.0
296,297000,blk_sdb,62.0,0.0,948.0,0.0,0.0,0.0
296,298000,blk_sdb,46.0,0.0,1008.0,0.0,0.0,0.0
296,299000,blk_sdb,53.0,0.0,728.0,2.0,2.0,16.0
296,300000,blk_sdb,47.0,0.0,836.0,0.0,0.0,0.0
296,301000,blk_sdb,29.0,0.0,656.0,0.0,0.0,0.0
296,302000,blk_sdb,58.0,0.0,808.0,0.0,0.0,0.0
296,303000,blk_sdb,21.0,0.0,324.0,0.0,0.0,0.0
296,304000,blk_sdb,36.0,0.0,568.0,2.0,2.0,16.0
296,305000,blk_sdb,24.0,0.0,308.0,0.0,0.0,0.0
296,306000,blk_sdb,49.0,0.0,976.0,0.0,0.0,0.0
296,307000,blk_sdb,33.0,0.0,548.0,0.0,0.0,0.0
296,308000,blk_sdb,18.0,0.0,268.0,0.0,0.0,0.0
296,309000,blk_sdb,65.0,0.0,1276.0,3.0,1.0,16.0
296,310000,blk_sdb,25.0,0.0,240.0,0.0,0.0,0.0
296,311000,blk_sdb,57.0,0.0,996.0,0.0,0.0,0.0
296,312000,blk_sdb,42.0,0.0,556.0,0.0,0.0,0.0
296,313000,blk_sdb,18.0,0.0,416.0,0.0,0.0,0.0
296,314000,blk_sdb,34.0,0.0,624.0,155.0,553.0,2832.0
296,315000,blk_sdb,15.0,0.0,224.0,0.0,0.0,0.0
296,316000,blk_sdb,43.0,0.0,672.0,0.0,0.0,0.0
296,317000,blk_sdb,32.0,0.0,532.0,0.0,0.0,0.0
296,318000,blk_sdb,22.0,0.0,280.0,0.0,0.0,0.0
296,319000,blk_sdb,9.0,0.0,216.0,289.0,696.0,3940.0
296,320000,blk_sdb,34.0,0.0,500.0,0.0,0.0,0.0
296,321000,blk_sdb,36.0,0.0,916.0,0.0,0.0,0.0
296,322000,blk_sdb,26.0,0.0,480.0,0.0,0.0,0.0
296,323000,blk_sdb,32.0,0.0,700.0,0.0,0.0,0.0
296,324000,blk_sdb,22.0,0.0,376.0,2.0,2.0,16.0
296,325000,blk_sdb,26.0,0.0,520.0,0.0,0.0,0.0
296,326000,blk_sdb,28.0,0.0,848.0,0.0,0.0,0.0
296,327000,blk_sdb,24.0,0.0,432.0,0.0,0.0,0.0
296,328000,blk_sdb,45.0,0.0,744.0,0.0,0.0,0.0
296,329000,blk_sdb,61.0,0.0,1144.0,70.0,2478.0,10192.0
296,330000,blk_sdb,40.0,0.0,568.0,0.0,0.0,0.0
296,331000,blk_sdb,32.0,0.0,696.0,0.0,0.0,0.0
296,332000,blk_sdb,44.0,0.0,624.0,0.0,0.0,0.0
296,333000,blk_sdb,56.0,0.0,588.0,0.0,0.0,0.0
296,334000,blk_sdb,30.0,0.0,580.0,2.0,2.0,16.0
296,335000,blk_sdb,55.0,0.0,848.0,0.0,0.0,0.0
296,336000,blk_sdb,36.0,0.0,648.0,0.0,0.0,0.0
296,337000,blk_sdb,41.0,0.0,1092.0,0.0,0.0,0.0
296,338000,blk_sdb,58.0,0.0,932.0,0.0,0.0,0.0
296,339000,blk_sdb,16.0,0.0,356.0,2.0,2.0,16.0
296,340000,blk_sdb,15.0,0.0,360.0,0.0,0.0,0.0
296,341000,blk_sdb,27.0,0.0,664.0,0.0,0.0,0.0
296,342000,blk_sdb,43.0,0.0,660.0,0.0,0.0,0.0
296,343000,blk_sdb,27.0,0.0,360.0,0.0,0.0,0.0
296,344000,blk_sdb,36.0,0.0,724.0,155.0,486.0,2564.0
296,345000,blk_sdb,17.0,0.0,196.0,0.0,0.0,0.0
296,346000,blk_sdb,43.0,0.0,416.0,0.0,0.0,0.0
296,347000,blk_sdb,37.0,0.0,744.0,0.0,0.0,0.0
296,348000,blk_sdb,41.0,0.0,672.0,0.0,0.0,0.0
296,349000,blk_sdb,51.0,0.0,652.0,279.0,730.0,4036.0
296,350000,blk_sdb,32.0,0.0,604.0,0.0,0.0,0.0
296,351000,blk_sdb,25.0,0.0,752.0,0.0,0.0,0.0
296,352000,blk_sdb,46.0,0.0,800.0,0.0,0.0,0.0
296,353000,blk_sdb,24.0,0.0,404.0,0.0,0.0,0.0
296,354000,blk_sdb,16.0,0.0,468.0,2.0,2.0,16.0
296,355000,blk_sdb,32.0,0.0,684.0,0.0,0.0,0.0
296,356000,blk_sdb,16.0,0.0,468.0,0.0,0.0,0.0
296,357000,blk_sdb,31.0,0.0,708.0,0.0,0.0,0.0
296,358000,blk_sdb,29.0,0.0,772.0,0.0,0.0,0.0
296,359000,blk_sdb,17.0,0.0,272.0,2.0,2.0,16.0
296,360000,blk_sdb,15.0,0.0,324.0,0.0,0.0,0.0
296,361000,blk_sdb,20.0,0.0,588.0,0.0,0.0,0.0
296,362000,blk_sdb,30.0,0.0,628.0,0.0,0.0,0.0
296,363000,blk_sdb,28.0,0.0,468.0,0.0,0.0,0.0
296,364000,blk_sdb,20.0,0.0,280.0,26.0,874.0,3600.0
296,365000,blk_sdb,26.0,0.0,524.0,0.0,0.0,0.0
296,366000,blk_sdb,11.0,0.0,200.0,0.0,0.0,0.0
296,367000,blk_sdb,15.0,0.0,284.0,0.0,0.0,0.0
296,368000,blk_sdb,36.0,0.0,616.0,0.0,0.0,0.0
296,369000,blk_sdb,33.0,0.0,388.0,2.0,2.0,16.0
296,370000,blk_sdb,36.0,0.0,836.0,0.0,0.0,0.0
296,371000,blk_sdb,20.0,0.0,336.0,0.0,0.0,0.0
296,372000,blk_sdb,3.0,0.0,32.0,0.0,0.0,0.0
296,373000,blk_sdb,23.0,0.0,476.0,0.0,0.0,0.0
296,374000,blk_sdb,16.0,0.0,464.0,139.0,537.0,2704.0
296,375000,blk_sdb,62.0,0.0,808.0,0.0,0.0,0.0
296,376000,blk_sdb,34.0,0.0,432.0,0.0,0.0,0.0
296,377000,blk_sdb,18.0,0.0,252.0,0.0,0.0,0.0
296,378000,blk_sdb,40.0,0.0,736.0,0.0,0.0,0.0
296,379000,blk_sdb,37.0,0.0,548.0,321.0,719.0,4160.0
296,380000,blk_sdb,23.0,0.0,784.0,0.0,0.0,0.0
296,381000,blk_sdb,14.0,0.0,280.0,0.0,0.0,0.0
296,382000,blk_sdb,15.0,0.0,364.0,0.0,0.0,0.0
296,383000,blk_sdb,19.0,0.0,536.0,0.0,0.0,0.0
296,384000,blk_sdb,30.0,0.0,552.0,2.0,2.0,16.0
296,385000,blk_sdb,43.0,0.0,500.0,0.0,0.0,0.0
296,386000,blk_sdb,20.0,0.0,524.0,0.0,0.0,0.0
296,387000,blk_sdb,28.0,0.0,552.0,0.0,0.0,0.0
296,388000,blk_sdb,44.0,0.0,1052.0,0.0,0.0,0.0
296,389000,blk_sdb,38.0,0.0,644.0,3.0,1.0,16.0
296,390000,blk_sdb,47.0,0.0,788.0,0.0,0.0,0.0
296,391000,blk_sdb,47.0,0.0,556.0,0.0,0.0,0.0
296,392000,blk_sdb,26.0,0.0,260.0,0.0,0.0,0.0
296,393000,blk_sdb,35.0,0.0,712.0,0.0,0.0,0.0
296,394000,blk_sdb,17.0,0.0,412.0,2.0,2.0,16.0
296,395000,blk_sdb,29.0,0.0,632.0,0.0,0.0,0.0
296,396000,blk_sdb,6.0,0.0,24.0,0.0,0.0,0.0
296,397000,blk_sdb,12.0,0.0,200.0,0.0,0.0,0.0
296,398000,blk_sdb,33.0,0.0,612.0,0.0,0.0,0.0
296,399000,blk_sdb,19.0,0.0,232.0,2.0,2.0,16.0
296,400000,blk_sdb,23.0,0.0,440.0,0.0,0.0,0.0
296,401000,blk_sdb,51.0,0.0,1056.0,0.0,0.0,0.0
296,402000,blk_sdb,28.0,0.0,664.0,0.0,0.0,0.0
296,403000,blk_sdb,26.0,0.0,328.0,0.0,0.0,0.0
296,404000,blk_sdb,43.0,0.0,572.0,302.0,5006.0,21232.0
296,405000,blk_sdb,6.0,0.0,128.0,0.0,0.0,0.0
296,406000,blk_sdb,80.0,0.0,1140.0,0.0,0.0,0.0
296,407000,blk_sdb,35.0,0.0,656.0,0.0,0.0,0.0
296,408000,blk_sdb,27.0,0.0,408.0,0.0,0.0,0.0
296,409000,blk_sdb,11.0,0.0,328.0,141.0,598.0,2956.0
296,410000,blk_sdb,40.0,0.0,664.0,0.0,0.0,0.0
296,411000,blk_sdb,24.0,0.0,308.0,0.0,0.0,0.0
296,412000,blk_sdb,6.0,0.0,84.0,0.0,0.0,0.0
296,413000,blk_sdb,28.0,0.0,492.0,0.0,0.0,0.0
296,414000,blk_sdb,24.0,0.0,420.0,2.0,2.0,16.0
296,415000,blk_sdb,41.0,0.0,616.0,0.0,0.0,0.0
296,416000,blk_sdb,25.0,0.0,296.0,0.0,0.0,0.0
296,417000,blk_sdb,25.0,0.0,532.0,0.0,0.0,0.0
296,418000,blk_sdb,32.0,0.0,392.0,0.0,0.0,0.0
296,419000,blk_sdb,56.0,0.0,700.0,3.0,1.0,16.0
296,420000,blk_sdb,31.0,0.0,584.0,0.0,0.0,0.0
296,421000,blk_sdb,17.0,0.0,344.0,0.0,0.0,0.0
296,422000,blk_sdb,21.0,0.0,328.0,0.0,0.0,0.0
296,423000,blk_sdb,34.0,0.0,516.0,0.0,0.0,0.0
296,424000,blk_sdb,15.0,0.0,232.0,2.0,2.0,16.0
296,425000,blk_sdb,30.0,0.0,500.0,0.0,0.0,0.0
296,426000,blk_sdb,22.0,0.0,260.0,0.0,0.0,0.0
296,427000,blk_sdb,22.0,0.0,320.0,0.0,0.0,0.0
296,428000,blk_sdb,28.0,0.0,724.0,0.0,0.0,0.0
296,429000,blk_sdb,48.0,0.0,520.0,2.0,2.0,16.0
296,430000,blk_sdb,25.0,0.0,800.0,0.0,0.0,0.0
296,431000,blk_sdb,26.0,0.0,540.0,0.0,0.0,0.0
296,432000,blk_sdb,21.0,0.0,548.0,0.0,0.0,0.0
296,433000,blk_sdb,21.0,0.0,444.0,0.0,0.0,0.0
296,434000,blk_sdb,34.0,0.0,552.0,229.0,511.0,2960.0
296,435000,blk_sdb,9.0,0.0,292.0,0.0,0.0,0.0
296,436000,blk_sdb,43.0,0.0,512.0,0.0,0.0,0.0
296,437000,blk_sdb,21.0,0.0,488.0,0.0,0.0,0.0
296,438000,blk_sdb,35.0,0.0,656.0,0.0,0.0,0.0
296,439000,blk_sdb,23.0,0.0,244.0,230.0,3099.0,13316.0
296,440000,blk_sdb,31.0,0.0,540.0,0.0,0.0,0.0
296,441000,blk_sdb,22.0,0.0,152.0,0.0,0.0,0.0
296,442000,blk_sdb,27.0,0.0,348.0,0.0,0.0,0.0
296,443000,blk_sdb,21.0,0.0,528.0,0.0,0.0,0.0
296,444000,blk_sdb,40.0,0.0,840.0,0.0,0.0,0.0
296,445000,blk_sdb,26.0,0.0,640.0,2.0,2.0,16.0
296,446000,blk_sdb,31.0,0.0,624.0,0.0,0.0,0.0
296,447000,blk_sdb,42.0,0.0,1012.0,0.0,0.0,0.0
296,448000,blk_sdb,32.0,0.0,520.0,0.0,0.0,0.0
296,449000,blk_sdb,18.0,0.0,400.0,0.0,0.0,0.0
296,450000,blk_sdb,26.0,0.0,316.0,2.0,2.0,16.0
296,451000,blk_sdb,24.0,0.0,732.0,0.0,0.0,0.0
296,452000,blk_sdb,24.0,0.0,280.0,0.0,0.0,0.0
296,453000,blk_sdb,28.0,0.0,540.0,0.0,0.0,0.0
296,454000,blk_sdb,25.0,0.0,536.0,0.0,0.0,0.0
296,455000,blk_sdb,26.0,0.0,556.0,2.0,2.0,16.0
296,456000,blk_sdb,7.0,0.0,104.0,0.0,0.0,0.0
296,457000,blk_sdb,32.0,0.0,564.0,0.0,0.0,0.0
296,458000,blk_sdb,35.0,0.0,404.0,0.0,0.0,0.0
296,459000,blk_sdb,15.0,0.0,404.0,0.0,0.0,0.0
296,460000,blk_sdb,45.0,0.0,820.0,2.0,2.0,16.0
296,461000,blk_sdb,10.0,0.0,84.0,0.0,0.0,0.0
296,462000,blk_sdb,26.0,0.0,360.0,0.0,0.0,0.0
296,463000,blk_sdb,24.0,0.0,368.0,0.0,0.0,0.0
296,464000,blk_sdb,12.0,0.0,212.0,252.0,517.0,3076.0
296,465000,blk_sdb,30.0,0.0,532.0,2.0,2.0,16.0
296,466000,blk_sdb,27.0,0.0,440.0,0.0,0.0,0.0
296,467000,blk_sdb,19.0,0.0,184.0,0.0,0.0,0.0
296,468000,blk_sdb,36.0,0.0,320.0,0.0,0.0,0.0
296,469000,blk_sdb,16.0,0.0,208.0,151.0,640.0,3164.0
296,470000,blk_sdb,38.0,0.0,896.0,2.0,2.0,16.0
296,471000,blk_sdb,24.0,0.0,396.0,0.0,0.0,0.0
296,472000,blk_sdb,32.0,0.0,656.0,0.0,0.0,0.0
296,473000,blk_sdb,30.0,0.0,604.0,0.0,0.0,0.0
296,474000,blk_sdb,34.0,0.0,788.0,36.0,2444.0,9920.0
296,475000,blk_sdb,29.0,0.0,420.0,2.0,2.0,16.0
296,476000,blk_sdb,19.0,0.0,352.0,0.0,0.0,0.0
296,477000,blk_sdb,32.0,0.0,580.0,0.0,0.0,0.0
296,478000,blk_sdb,4.0,0.0,48.0,0.0,0.0,0.0
296,479000,blk_sdb,31.0,0.0,564.0,0.0,0.0,0.0
296,480000,blk_sdb,8.0,0.0,184.0,2.0,2.0,16.0
296,481000,blk_sdb,12.0,0.0,192.0,0.0,0.0,0.0
296,482000,blk_sdb,23.0,0.0,488.0,0.0,0.0,0.0
296,483000,blk_sdb,7.0,0.0,240.0,0.0,0.0,0.0
296,484000,blk_sdb,25.0,0.0,492.0,0.0,0.0,0.0
296,485000,blk_sdb,20.0,0.0,364.0,2.0,2.0,16.0
296,486000,blk_sdb,30.0,0.0,492.0,0.0,0.0,0.0
296,487000,blk_sdb,40.0,0.0,544.0,0.0,0.0,0.0
296,488000,blk_sdb,28.0,0.0,628.0,0.0,0.0,0.0
296,489000,blk_sdb,7.0,0.0,260.0,0.0,0.0,0.0
296,490000,blk_sdb,21.0,0.0,392.0,2.0,2.0,16.0
296,491000,blk_sdb,41.0,0.0,768.0,0.0,0.0,0.0
296,492000,blk_sdb,15.0,0.0,300.0,0.0,0.0,0.0
296,493000,blk_sdb,25.0,0.0,500.0,0.0,0.0,0.0
296,494000,blk_sdb,28.0,0.0,404.0,274.0,586.0,3440.0
296,495000,blk_sdb,20.0,0.0,292.0,3.0,1.0,16.0
296,496000,blk_sdb,36.0,0.0,700.0,0.0,0.0,0.0
296,497000,blk_sdb,30.0,0.0,732.0,0.0,0.0,0.0
296,498000,blk_sdb,28.0,0.0,532.0,0.0,0.0,0.0
296,499000,blk_sdb,10.0,0.0,280.0,175.0,631.0,3224.0
296,500000,blk_sdb,36.0,0.0,596.0,2.0,2.0,16.0
296,501000,blk_sdb,26.0,0.0,252.0,0.0,0.0,0.0
296,502000,blk_sdb,5.0,0.0,264.0,0.0,0.0,0.0
296,503000,blk_sdb,22.0,0.0,616.0,0.0,0.0,0.0
296,504000,blk_sdb,43.0,0.0,564.0,0.0,0.0,0.0
296,505000,blk_sdb,11.0,0.0,260.0,2.0,2.0,16.0
296,506000,blk_sdb,32.0,0.0,488.0,0.0,0.0,0.0
296,507000,blk_sdb,11.0,0.0,280.0,0.0,0.0,0.0
296,508000,blk_sdb,38.0,0.0,304.0,0.0,0.0,0.0
296,509000,blk_sdb,17.0,0.0,200.0,79.0,2401.0,9920.0
296,510000,blk_sdb,33.0,0.0,560.0,2.0,2.0,16.0
296,511000,blk_sdb,12.0,0.0,336.0,0.0,0.0,0.0
296,512000,blk_sdb,29.0,0.0,368.0,0.0,0.0,0.0
296,513000,blk_sdb,12.0,0.0,112.0,0.0,0.0,0.0
296,514000,blk_sdb,36.0,0.0,440.0,0.0,0.0,0.0
296,515000,blk_sdb,11.0,0.0,296.0,2.0,2.0,16.0
296,516000,blk_sdb,13.0,0.0,212.0,0.0,0.0,0.0
296,517000,blk_sdb,11.0,0.0,168.0,0.0,0.0,0.0
296,518000,blk_sdb,8.0,0.0,156.0,0.0,0.0,0.0
296,519000,blk_sdb,22.0,0.0,400.0,0.0,0.0,0.0
296,520000,blk_sdb,12.0,0.0,368.0,2.0,2.0,16.0
296,521000,blk_sdb,15.0,0.0,364.0,0.0,0.0,0.0
296,522000,blk_sdb,16.0,0.0,148.0,0.0,0.0,0.0
296,523000,blk_sdb,20.0,0.0,312.0,0.0,0.0,0.0
296,524000,blk_sdb,15.0,0.0,148.0,308.0,571.0,3516.0
296,525000,blk_sdb,15.0,0.0,312.0,2.0,2.0,16.0
296,526000,blk_sdb,20.0,0.0,420.0,0.0,0.0,0.0
296,527000,blk_sdb,24.0,0.0,576.0,0.0,0.0,0.0
296,528000,blk_sdb,36.0,0.0,416.0,0.0,0.0,0.0
296,529000,blk_sdb,22.0,0.0,284.0,244.0,659.0,3612.0
296,530000,blk_sdb,24.0,0.0,304.0,2.0,2.0,16.0
296,531000,blk_sdb,16.0,0.0,376.0,0.0,0.0,0.0
296,532000,blk_sdb,13.0,0.0,100.0,0.0,0.0,0.0
296,533000,blk_sdb,35.0,0.0,604.0,0.0,0.0,0.0
296,534000,blk_sdb,14.0,0.0,324.0,0.0,0.0,0.0
296,535000,blk_sdb,5.0,0.0,104.0,2.0,2.0,16.0
296,536000,blk_sdb,45.0,0.0,616.0,0.0,0.0,0.0
296,537000,blk_sdb,30.0,0.0,508.0,0.0,0.0,0.0
296,538000,blk_sdb,29.0,0.0,428.0,0.0,0.0,0.0
296,539000,blk_sdb,24.0,0.0,460.0,0.0,0.0,0.0
296,540000,blk_sdb,35.0,0.0,880.0,2.0,2.0,16.0
296,541000,blk_sdb,36.0,0.0,444.0,0.0,0.0,0.0
296,542000,blk_sdb,41.0,0.0,624.0,0.0,0.0,0.0
296,543000,blk_sdb,21.0,0.0,400.0,0.0,0.0,0.0
296,544000,blk_sdb,22.0,0.0,476.0,67.0,2429.0,9984.0
296,545000,blk_sdb,24.0,0.0,436.0,2.0,2.0,16.0
296,546000,blk_sdb,9.0,0.0,192.0,0.0,0.0,0.0
296,547000,blk_sdb,29.0,0.0,592.0,0.0,0.0,0.0
296,548000,blk_sdb,9.0,0.0,400.0,0.0,0.0,0.0
296,549000,blk_sdb,13.0,0.0,380.0,0.0,0.0,0.0
296,550000,blk_sdb,43.0,0.0,568.0,3.0,1.0,16.0
296,551000,blk_sdb,40.0,0.0,708.0,0.0,0.0,0.0
296,552000,blk_sdb,18.0,0.0,224.0,0.0,0.0,0.0
296,553000,blk_sdb,25.0,0.0,548.0,0.0,0.0,0.0
296,554000,blk_sdb,14.0,0.0,344.0,281.0,595.0,3504.0
296,555000,blk_sdb,6.0,0.0,112.0,2.0,2.0,16.0
296,556000,blk_sdb,12.0,0.0,216.0,0.0,0.0,0.0
296,557000,blk_sdb,3.0,0.0,216.0,0.0,0.0,0.0
296,558000,blk_sdb,40.0,0.0,460.0,0.0,0.0,0.0
296,559000,blk_sdb,28.0,0.0,500.0,240.0,641.0,3524.0
296,560000,blk_sdb,19.0,0.0,364.0,2.0,2.0,16.0
296,561000,blk_sdb,10.0,0.0,248.0,0.0,0.0,0.0
296,562000,blk_sdb,5.0,0.0,40.0,0.0,0.0,0.0
296,563000,blk_sdb,34.0,0.0,436.0,0.0,0.0,0.0
296,564000,blk_sdb,28.0,0.0,528.0,0.0,0.0,0.0
296,565000,blk_sdb,17.0,0.0,168.0,2.0,2.0,16.0
296,566000,blk_sdb,25.0,0.0,524.0,0.0,0.0,0.0
296,567000,blk_sdb,21.0,0.0,260.0,0.0,0.0,0.0
296,568000,blk_sdb,26.0,0.0,716.0,0.0,0.0,0.0
296,569000,blk_sdb,23.0,0.0,236.0,0.0,0.0,0.0
296,570000,blk_sdb,22.0,0.0,496.0,2.0,2.0,16.0
296,571000,blk_sdb,15.0,0.0,180.0,0.0,0.0,0.0
296,572000,blk_sdb,24.0,0.0,572.0,0.0,0.0,0.0
296,573000,blk_sdb,24.0,0.0,488.0,0.0,0.0,0.0
296,574000,blk_sdb,22.0,0.0,260.0,0.0,0.0,0.0
296,575000,blk_sdb,26.0,0.0,588.0,2.0,3.0,20.0
296,576000,blk_sdb,27.0,0.0,512.0,0.0,0.0,0.0
296,577000,blk_sdb,12.0,0.0,284.0,0.0,0.0,0.0
296,578000,blk_sdb,1.0,0.0,28.0,0.0,0.0,0.0
296,579000,blk_sdb,6.0,0.0,56.0,61.0,1828.0,7556.0
296,580000,blk_sdb,14.0,0.0,172.0,2.0,2.0,16.0
296,581000,blk_sdb,16.0,0.0,200.0,0.0,0.0,0.0
296,582000,blk_sdb,12.0,0.0,228.0,0.0,0.0,0.0
296,583000,blk_sdb,14.0,0.0,172.0,0.0,0.0,0.0
296,584000,blk_sdb,9.0,0.0,64.0,319.0,581.0,3600.0
296,585000,blk_sdb,22.0,0.0,252.0,2.0,2.0,16.0
296,586000,blk_sdb,31.0,0.0,420.0,0.0,0.0,0.0
296,587000,blk_sdb,19.0,0.0,220.0,0.0,0.0,0.0
296,588000,blk_sdb,15.0,0.0,284.0,0.0,0.0,0.0
296,589000,blk_sdb,30.0,0.0,572.0,295.0,609.0,3616.0
296,590000,blk_sdb,18.0,0.0,392.0,2.0,2.0,16.0
296,591000,blk_sdb,16.0,0.0,248.0,0.0,0.0,0.0
296,592000,blk_sdb,22.0,0.0,476.0,0.0,0.0,0.0
296,593000,blk_sdb,17.0,0.0,268.0,0.0,0.0,0.0
296,594000,blk_sdb,10.0,0.0,100.0,0.0,0.0,0.0
296,595000,blk_sdb,40.0,0.0,708.0,3.0,1.0,16.0
296,596000,blk_sdb,32.0,0.0,508.0,0.0,0.0,0.0
296,597000,blk_sdb,42.0,0.0,652.0,0.0,0.0,0.0
296,598000,blk_sdb,15.0,0.0,276.0,0.0,0.0,0.0
296,599000,blk_sdb,42.0,0.0,640.0,0.0,0.0,0.0
296,600000,blk_sdb,33.0,0.0,644.0,2.0,2.0,16.0
296,601000,blk_sdb,31.0,0.0,340.0,0.0,0.0,0.0
296,602000,blk_sdb,27.0,0.0,428.0,0.0,0.0,0.0
296,603000,blk_sdb,26.0,0.0,700.0,0.0,0.0,0.0
296,604000,blk_sdb,19.0,0.0,296.0,1.0,3.0,16.0
296,605000,blk_sdb,20.0,0.0,496.0,3.0,1.0,16.0
296,606000,blk_sdb,9.0,0.0,200.0,0.0,0.0,0.0
296,607000,blk_sdb,30.0,0.0,428.0,0.0,0.0,0.0
296,608000,blk_sdb,10.0,0.0,244.0,0.0,0.0,0.0
296,609000,blk_sdb,9.0,0.0,124.0,0.0,0.0,0.0
296,610000,blk_sdb,10.0,0.0,356.0,2.0,2.0,16.0
296,611000,blk_sdb,36.0,0.0,404.0,0.0,0.0,0.0
296,612000,blk_sdb,22.0,0.0,604.0,0.0,0.0,0.0
296,613000,blk_sdb,12.0,0.0,204.0,0.0,0.0,0.0
296,614000,blk_sdb,17.0,0.0,100.0,358.0,559.0,3668.0
296,615000,blk_sdb,21.0,0.0,452.0,3.0,1.0,16.0
296,616000,blk_sdb,39.0,0.0,460.0,0.0,0.0,0.0
296,617000,blk_sdb,37.0,0.0,664.0,0.0,0.0,0.0
296,618000,blk_sdb,18.0,0.0,308.0,0.0,0.0,0.0
296,619000,blk_sdb,27.0,0.0,404.0,277.0,695.0,3888.0
296,620000,blk_sdb,15.0,0.0,280.0,2.0,2.0,16.0
296,621000,blk_sdb,10.0,0.0,180.0,0.0,0.0,0.0
296,622000,blk_sdb,28.0,0.0,420.0,0.0,0.0,0.0
296,623000,blk_sdb,25.0,0.0,508.0,0.0,0.0,0.0
296,624000,blk_sdb,20.0,0.0,344.0,0.0,0.0,0.0
296,625000,blk_sdb,21.0,0.0,496.0,2.0,2.0,16.0
296,626000,blk_sdb,19.0,0.0,216.0,0.0,0.0,0.0
296,627000,blk_sdb,12.0,0.0,220.0,0.0,0.0,0.0
296,628000,blk_sdb,28.0,0.0,508.0,0.0,0.0,0.0
296,629000,blk_sdb,29.0,0.0,568.0,0.0,0.0,0.0
296,630000,blk_sdb,34.0,0.0,384.0,2.0,2.0,16.0
296,631000,blk_sdb,29.0,0.0,396.0,0.0,0.0,0.0
296,632000,blk_sdb,19.0,0.0,440.0,0.0,0.0,0.0
296,633000,blk_sdb,20.0,0.0,172.0,0.0,0.0,0.0
296,634000,blk_sdb,27.0,0.0,472.0,126.0,4382.0,18032.0
296,635000,blk_sdb,11.0,0.0,216.0,3.0,1.0,16.0
296,636000,blk_sdb,5.0,0.0,104.0,0.0,0.0,0.0
296,637000,blk_sdb,13.0,0.0,212.0,0.0,0.0,0.0
296,638000,blk_sdb,13.0,0.0,180.0,0.0,0.0,0.0
296,639000,blk_sdb,5.0,0.0,80.0,0.0,0.0,0.0
296,640000,blk_sdb,23.0,0.0,412.0,2.0,2.0,16.0
296,641000,blk_sdb,5.0,0.0,160.0,0.0,0.0,0.0
296,642000,blk_sdb,30.0,0.0,504.0,0.0,0.0,0.0
296,643000,blk_sdb,36.0,0.0,368.0,0.0,0.0,0.0
296,644000,blk_sdb,20.0,0.0,508.0,88.0,455.0,2172.0
296,645000,blk_sdb,22.0,0.0,252.0,2.0,2.0,16.0
296,646000,blk_sdb,13.0,0.0,288.0,0.0,0.0,0.0
296,647000,blk_sdb,28.0,0.0,392.0,0.0,0.0,0.0
296,648000,blk_sdb,20.0,0.0,544.0,0.0,0.0,0.0
296,649000,blk_sdb,28.0,0.0,648.0,336.0,613.0,3796.0
296,650000,blk_sdb,9.0,0.0,100.0,2.0,2.0,16.0
296,651000,blk_sdb,22.0,0.0,596.0,0.0,0.0,0.0
296,652000,blk_sdb,23.0,0.0,228.0,0.0,0.0,0.0
296,653000,blk_sdb,15.0,0.0,152.0,0.0,0.0,0.0
296,654000,blk_sdb,39.0,0.0,856.0,0.0,0.0,0.0
296,655000,blk_sdb,24.0,0.0,484.0,2.0,2.0,16.0
296,656000,blk_sdb,5.0,0.0,60.0,0.0,0.0,0.0
296,657000,blk_sdb,12.0,0.0,252.0,0.0,0.0,0.0
296,658000,blk_sdb,17.0,0.0,328.0,0.0,0.0,0.0
296,659000,blk_sdb,35.0,0.0,460.0,0.0,0.0,0.0
296,660000,blk_sdb,25.0,0.0,352.0,2.0,2.0,16.0
296,661000,blk_sdb,11.0,0.0,100.0,0.0,0.0,0.0
296,662000,blk_sdb,23.0,0.0,456.0,0.0,0.0,0.0
296,663000,blk_sdb,25.0,0.0,380.0,0.0,0.0,0.0
296,664000,blk_sdb,43.0,0.0,680.0,0.0,0.0,0.0
296,665000,blk_sdb,19.0,0.0,388.0,2.0,2.0,16.0
296,666000,blk_sdb,23.0,0.0,488.0,0.0,0.0,0.0
296,667000,blk_sdb,7.0,0.0,84.0,0.0,0.0,0.0
296,668000,blk_sdb,19.0,0.0,416.0,0.0,0.0,0.0
296,669000,blk_sdb,9.0,0.0,200.0,92.0,2404.0,9984.0
296,670000,blk_sdb,5.0,0.0,168.0,2.0,2.0,16.0
296,671000,blk_sdb,7.0,0.0,168.0,0.0,0.0,0.0
296,672000,blk_sdb,17.0,0.0,524.0,0.0,0.0,0.0
296,673000,blk_sdb,4.0,0.0,36.0,0.0,0.0,0.0
296,674000,blk_sdb,25.0,0.0,704.0,133.0,491.0,2496.0
296,675000,blk_sdb,12.0,0.0,220.0,2.0,2.0,16.0
296,676000,blk_sdb,22.0,0.0,288.0,0.0,0.0,0.0
296,677000,blk_sdb,24.0,0.0,316.0,0.0,0.0,0.0
296,678000,blk_sdb,21.0,0.0,376.0,0.0,0.0,0.0
296,679000,blk_sdb,17.0,0.0,184.0,142.0,714.0,3424.0
296,680000,blk_sdb,9.0,0.0,308.0,2.0,2.0,16.0
296,681000,blk_sdb,28.0,0.0,364.0,0.0,0.0,0.0
296,682000,blk_sdb,18.0,0.0,204.0,0.0,0.0,0.0
296,683000,blk_sdb,29.0,0.0,436.0,0.0,0.0,0.0
296,684000,blk_sdb,16.0,0.0,480.0,0.0,0.0,0.0
296,685000,blk_sdb,13.0,0.0,192.0,2.0,2.0,16.0
296,686000,blk_sdb,7.0,0.0,196.0,0.0,0.0,0.0
296,687000,blk_sdb,20.0,0.0,312.0,0.0,0.0,0.0
296,688000,blk_sdb,0.0,0.0,0.0,0.0,0.0,0.0
296,689000,blk_sdb,22.0,0.0,540.0,0.0,0.0,0.0
296,690000,blk_sdb,34.0,0.0,616.0,2.0,2.0,16.0
296,691000,blk_sdb,11.0,0.0,260.0,0.0,0.0,0.0
296,692000,blk_sdb,9.0,0.0,200.0,0.0,0.0,0.0
296,693000,blk_sdb,20.0,0.0,324.0,0.0,0.0,0.0
296,694000,blk_sdb,26.0,0.0,308.0,0.0,0.0,0.0
296,695000,blk_sdb,17.0,0.0,336.0,2.0,2.0,16.0
296,696000,blk_sdb,3.0,0.0,128.0,0.0,0.0,0.0
296,697000,blk_sdb,30.0,0.0,648.0,0.0,0.0,0.0
296,698000,blk_sdb,26.0,0.0,372.0,0.0,0.0,0.0
296,699000,blk_sdb,21.0,0.0,424.0,0.0,0.0,0.0
296,700000,blk_sdb,30.0,0.0,528.0,3.0,1.0,16.0
296,701000,blk_sdb,14.0,0.0,236.0,0.0,0.0,0.0
296,702000,blk_sdb,22.0,0.0,296.0,0.0,0.0,0.0
296,703000,blk_sdb,19.0,0.0,308.0,0.0,0.0,0.0
296,704000,blk_sdb,17.0,0.0,200.0,209.0,2829.0,12152.0
296,705000,blk_sdb,8.0,0.0,168.0,2.0,2.0,16.0
296,706000,blk_sdb,11.0,0.0,268.0,0.0,0.0,0.0
296,707000,blk_sdb,10.0,0.0,220.0,0.0,0.0,0.0
296,708000,blk_sdb,27.0,0.0,484.0,0.0,0.0,0.0
296,709000,blk_sdb,22.0,0.0,396.0,188.0,682.0,3480.0
296,710000,blk_sdb,35.0,0.0,560.0,2.0,2.0,16.0
296,711000,blk_sdb,19.0,0.0,452.0,0.0,0.0,0.0
296,712000,blk_sdb,18.0,0.0,268.0,0.0,0.0,0.0
296,713000,blk_sdb,11.0,0.0,304.0,0.0,0.0,0.0
296,714000,blk_sdb,6.0,0.0,28.0,0.0,0.0,0.0
296,715000,blk_sdb,15.0,0.0,168.0,2.0,2.0,16.0
296,716000,blk_sdb,13.0,0.0,380.0,0.0,0.0,0.0
296,717000,blk_sdb,39.0,0.0,508.0,0.0,0.0,0.0
296,718000,blk_sdb,13.0,0.0,156.0,0.0,0.0,0.0
296,719000,blk_sdb,36.0,0.0,760.0,0.0,0.0,0.0
296,720000,blk_sdb,5.0,0.0,88.0,2.0,2.0,16.0
296,721000,blk_sdb,19.0,0.0,292.0,0.0,0.0,0.0
296,722000,blk_sdb,18.0,0.0,344.0,0.0,0.0,0.0
296,723000,blk_sdb,5.0,0.0,32.0,0.0,0.0,0.0
296,724000,blk_sdb,21.0,0.0,292.0,0.0,0.0,0.0
296,725000,blk_sdb,12.0,0.0,308.0,2.0,2.0,16.0
296,726000,blk_sdb,4.0,0.0,32.0,0.0,0.0,0.0
296,727000,blk_sdb,28.0,0.0,580.0,0.0,0.0,0.0
296,728000,blk_sdb,23.0,0.0,212.0,0.0,0.0,0.0
296,729000,blk_sdb,8.0,0.0,100.0,0.0,0.0,0.0
296,730000,blk_sdb,10.0,0.0,364.0,2.0,2.0,16.0
296,731000,blk_sdb,16.0,0.0,580.0,0.0,0.0,0.0
296,732000,blk_sdb,20.0,0.0,276.0,0.0,0.0,0.0
296,733000,blk_sdb,17.0,0.0,360.0,0.0,0.0,0.0
296,734000,blk_sdb,16.0,0.0,248.0,164.0,512.0,2704.0
296,735000,blk_sdb,18.0,0.0,392.0,2.0,2.0,16.0
296,736000,blk_sdb,14.0,0.0,124.0,0.0,0.0,0.0
296,737000,blk_sdb,9.0,0.0,240.0,0.0,0.0,0.0
296,738000,blk_sdb,16.0,0.0,260.0,0.0,0.0,0.0
296,739000,blk_sdb,35.0,0.0,564.0,287.0,3073.0,13440.0
296,740000,blk_sdb,11.0,0.0,216.0,2.0,2.0,16.0
296,741000,blk_sdb,36.0,0.0,428.0,0.0,0.0,0.0
296,742000,blk_sdb,24.0,0.0,168.0,0.0,0.0,0.0
296,743000,blk_sdb,36.0,0.0,412.0,0.0,0.0,0.0
296,744000,blk_sdb,12.0,0.0,148.0,0.0,0.0,0.0
296,745000,blk_sdb,15.0,0.0,224.0,3.0,1.0,16.0
296,746000,blk_sdb,15.0,0.0,256.0,0.0,0.0,0.0
296,747000,blk_sdb,24.0,0.0,444.0,0.0,0.0,0.0
296,748000,blk_sdb,19.0,0.0,280.0,0.0,0.0,0.0
296,749000,blk_sdb,23.0,0.0,376.0,0.0,0.0,0.0
296,750000,blk_sdb,27.0,0.0,440.0,2.0,2.0,16.0
296,751000,blk_sdb,5.0,0.0,36.0,0.0,0.0,0.0
296,752000,blk_sdb,75.0,0.0,1088.0,0.0,0.0,0.0
296,753000,blk_sdb,25.0,0.0,408.0,0.0,0.0,0.0
296,754000,blk_sdb,8.0,0.0,124.0,0.0,0.0,0.0
296,755000,blk_sdb,48.0,0.0,568.0,2.0,2.0,16.0
296,756000,blk_sdb,14.0,0.0,216.0,0.0,0.0,0.0
296,757000,blk_sdb,28.0,0.0,380.0,0.0,0.0,0.0
296,758000,blk_sdb,2.0,0.0,48.0,0.0,0.0,0.0
296,759000,blk_sdb,27.0,0.0,268.0,0.0,0.0,0.0
296,760000,blk_sdb,28.0,0.0,572.0,2.0,2.0,16.0
296,761000,blk_sdb,15.0,0.0,264.0,0.0,0.0,0.0
296,762000,blk_sdb,21.0,0.0,248.0,0.0,0.0,0.0
296,763000,blk_sdb,12.0,0.0,220.0,0.0,0.0,0.0
296,764000,blk_sdb,19.0,0.0,228.0,210.0,479.0,2756.0
296,765000,blk_sdb,18.0,0.0,308.0,3.0,1.0,16.0
296,766000,blk_sdb,13.0,0.0,156.0,0.0,0.0,0.0
296,767000,blk_sdb,42.0,0.0,400.0,0.0,0.0,0.0
296,768000,blk_sdb,35.0,0.0,804.0,0.0,0.0,0.0
296,769000,blk_sdb,15.0,0.0,476.0,253.0,756.0,4036.0
296,770000,blk_sdb,36.0,0.0,440.0,2.0,2.0,16.0
296,771000,blk_sdb,24.0,0.0,584.0,0.0,0.0,0.0
296,772000,blk_sdb,24.0,0.0,300.0,0.0,0.0,0.0
296,773000,blk_sdb,21.0,0.0,524.0,0.0,0.0,0.0
296,774000,blk_sdb,24.0,0.0,284.0,66.0,2478.0,10176.0
296,775000,blk_sdb,13.0,0.0,288.0,2.0,2.0,16.0
296,776000,blk_sdb,53.0,0.0,604.0,0.0,0.0,0.0
296,777000,blk_sdb,13.0,0.0,244.0,0.0,0.0,0.0
296,778000,blk_sdb,23.0,0.0,648.0,0.0,0.0,0.0
296,779000,blk_sdb,23.0,0.0,452.0,0.0,0.0,0.0
296,780000,blk_sdb,22.0,0.0,452.0,2.0,2.0,16.0
296,781000,blk_sdb,18.0,0.0,356.0,0.0,0.0,0.0
296,782000,blk_sdb,13.0,0.0,184.0,0.0,0.0,0.0
296,783000,blk_sdb,12.0,0.0,216.0,0.0,0.0,0.0
296,784000,blk_sdb,19.0,0.0,352.0,0.0,0.0,0.0
296,785000,blk_sdb,34.0,0.0,616.0,2.0,2.0,16.0
296,786000,blk_sdb,18.0,0.0,320.0,0.0,0.0,0.0
296,787000,blk_sdb,26.0,0.0,428.0,0.0,0.0,0.0
296,788000,blk_sdb,15.0,0.0,136.0,0.0,0.0,0.0
296,789000,blk_sdb,24.0,0.0,444.0,0.0,0.0,0.0
296,790000,blk_sdb,1.0,0.0,4.0,2.0,2.0,16.0
296,791000,blk_sdb,11.0,0.0,120.0,0.0,0.0,0.0
296,792000,blk_sdb,25.0,0.0,480.0,0.0,0.0,0.0
296,793000,blk_sdb,11.0,0.0,104.0,0.0,0.0,0.0
296,794000,blk_sdb,18.0,0.0,284.0,194.0,507.0,2804.0
296,795000,blk_sdb,16.0,0.0,288.0,2.0,2.0,16.0
296,796000,blk_sdb,27.0,0.0,556.0,0.0,0.0,0.0
296,797000,blk_sdb,7.0,0.0,212.0,0.0,0.0,0.0
296,798000,blk_sdb,14.0,0.0,160.0,0.0,0.0,0.0
296,799000,blk_sdb,13.0,0.0,104.0,289.0,714.0,4012.0
296,800000,blk_sdb,30.0,0.0,512.0,2.0,2.0,16.0
296,801000,blk_sdb,23.0,0.0,260.0,0.0,0.0,0.0
296,802000,blk_sdb,16.0,0.0,400.0,0.0,0.0,0.0
296,803000,blk_sdb,9.0,0.0,84.0,0.0,0.0,0.0
296,804000,blk_sdb,11.0,0.0,240.0,0.0,0.0,0.0
296,805000,blk_sdb,34.0,0.0,472.0,2.0,2.0,16.0
296,806000,blk_sdb,8.0,0.0,168.0,0.0,0.0,0.0
296,807000,blk_sdb,33.0,0.0,668.0,0.0,0.0,0.0
296,808000,blk_sdb,22.0,0.0,456.0,0.0,0.0,0.0
296,809000,blk_sdb,19.0,0.0,396.0,42.0,1894.0,7744.0
296,810000,blk_sdb,11.0,0.0,172.0,2.0,2.0,16.0
296,811000,blk_sdb,8.0,0.0,72.0,0.0,0.0,0.0
296,812000,blk_sdb,13.0,0.0,268.0,0.0,0.0,0.0
296,813000,blk_sdb,6.0,0.0,108.0,0.0,0.0,0.0
296,814000,blk_sdb,20.0,0.0,388.0,0.0,0.0,0.0
296,815000,blk_sdb,25.0,0.0,320.0,2.0,2.0,16.0
296,816000,blk_sdb,30.0,0.0,392.0,0.0,0.0,0.0
296,817000,blk_sdb,24.0,0.0,304.0,0.0,0.0,0.0
296,818000,blk_sdb,32.0,0.0,664.0,0.0,0.0,0.0
296,819000,blk_sdb,6.0,0.0,136.0,0.0,0.0,0.0
296,820000,blk_sdb,20.0,0.0,492.0,2.0,2.0,16.0
296,821000,blk_sdb,45.0,0.0,472.0,0.0,0.0,0.0
296,822000,blk_sdb,12.0,0.0,108.0,0.0,0.0,0.0
296,823000,blk_sdb,5.0,0.0,84.0,0.0,0.0,0.0
296,824000,blk_sdb,2.0,0.0,128.0,197.0,583.0,3120.0
296,825000,blk_sdb,5.0,0.0,100.0,3.0,1.0,16.0
296,826000,blk_sdb,13.0,0.0,164.0,0.0,0.0,0.0
296,827000,blk_sdb,0.0,0.0,0.0,0.0,0.0,0.0
296,828000,blk_sdb,18.0,0.0,300.0,0.0,0.0,0.0
296,829000,blk_sdb,1.0,0.0,4.0,233.0,680.0,3652.0
296,830000,blk_sdb,7.0,0.0,96.0,2.0,2.0,16.0
296,831000,blk_sdb,0.0,0.0,0.0,0.0,0.0,0.0
296,832000,blk_sdb,0.0,0.0,0.0,0.0,0.0,0.0
296,833000,blk_sdb,11.0,0.0,248.0,0.0,0.0,0.0
296,834000,blk_sdb,0.0,0.0,0.0,1.0,3.0,16.0
296,835000,blk_sdb,11.0,0.0,120.0,2.0,2.0,16.0
296,836000,blk_sdb,0.0,0.0,0.0,0.0,0.0,0.0
296,837000,blk_sdb,36.0,0.0,704.0,0.0,0.0,0.0
296,838000,blk_sdb,24.0,0.0,364.0,0.0,0.0,0.0
296,839000,blk_sdb,0.0,0.0,0.0,0.0,0.0,0.0
296,840000,blk_sdb,0.0,0.0,0.0,2.0,2.0,16.0
296,841000,blk_sdb,15.0,0.0,212.0,0.0,0.0,0.0
296,842000,blk_sdb,8.0,0.0,128.0,0.0,0.0,0.0
296,843000,blk_sdb,9.0,0.0,252.0,0.0,0.0,0.0
296,844000,blk_sdb,6.0,0.0,108.0,0.0,0.0,0.0
296,845000,blk_sdb,5.0,0.0,128.0,2.0,2.0,16.0
296,846000,blk_sdb,0.0,0.0,0.0,0.0,0.0,0.0
296,847000,blk_sdb,0.0,0.0,0.0,0.0,0.0,0.0
296,848000,blk_sdb,5.0,0.0,68.0,0.0,0.0,0.0
296,849000,blk_sdb,8.0,0.0,52.0,0.0,0.0,0.0
296,850000,blk_sdb,12.0,0.0,148.0,2.0,2.0,16.0
296,851000,blk_sdb,0.0,0.0,0.0,0.0,0.0,0.0
296,852000,blk_sdb,20.0,0.0,268.0,0.0,0.0,0.0
296,853000,blk_sdb,3.0,0.0,196.0,0.0,0.0,0.0
296,854000,blk_sdb,6.0,0.0,96.0,162.0,254.0,1664.0
296,855000,blk_sdb,0.0,0.0,0.0,1.0,2.0,12.0
296,856000,blk_sdb,7.0,0.0,116.0,1.0,0.0,4.0
296,857000,blk_sdb,0.0,0.0,0.0,0.0,0.0,0.0
296,858000,blk_sdb,11.0,0.0,380.0,0.0,0.0,0.0
296,859000,blk_sdb,10.0,0.0,196.0,49.0,412.0,1844.0
296,860000,blk_sdb,0.0,0.0,0.0,0.0,0.0,0.0
296,861000,blk_sdb,5.0,0.0,172.0,2.0,2.0,16.0
296,862000,blk_sdb,2.0,0.0,112.0,0.0,0.0,0.0
296,863000,blk_sdb,16.0,0.0,348.0,0.0,0.0,0.0
296,864000,blk_sdb,10.0,0.0,124.0,46.0,3150.0,12784.0
296,865000,blk_sdb,0.0,0.0,0.0,0.0,0.0,0.0
296,866000,blk_sdb,8.0,0.0,188.0,2.0,2.0,16.0
296,867000,blk_sdb,0.0,0.0,0.0,0.0,0.0,0.0
296,868000,blk_sdb,9.0,0.0,200.0,0.0,0.0,0.0
296,869000,blk_sdb,15.0,0.0,212.0,0.0,0.0,0.0
296,870000,blk_sdb,0.0,0.0,0.0,0.0,0.0,0.0
296,871000,blk_sdb,15.0,0.0,356.0,2.0,2.0,16.0
296,872000,blk_sdb,29.0,0.0,628.0,0.0,0.0,0.0
296,873000,blk_sdb,8.0,0.0,164.0,0.0,0.0,0.0
296,874000,blk_sdb,6.0,0.0,84.0,0.0,0.0,0.0
296,875000,blk_sdb,0.0,0.0,0.0,0.0,0.0,0.0
296,876000,blk_sdb,7.0,0.0,72.0,2.0,2.0,16.0
296,877000,blk_sdb,6.0,0.0,52.0,0.0,0.0,0.0
296,878000,blk_sdb,20.0,0.0,356.0,0.0,0.0,0.0
296,879000,blk_sdb,0.0,0.0,0.0,0.0,0.0,0.0
296,880000,blk_sdb,3.0,0.0,60.0,0.0,0.0,0.0
296,881000,blk_sdb,18.0,0.0,468.0,2.0,2.0,16.0
296,882000,blk_sdb,2.0,0.0,84.0,0.0,0.0,0.0
296,883000,blk_sdb,14.0,0.0,168.0,0.0,0.0,0.0
296,884000,blk_sdb,5.0,0.0,144.0,196.0,242.0,1752.0
296,885000,blk_sdb,20.0,0.0,308.0,0.0,0.0,0.0
296,886000,blk_sdb,5.0,0.0,116.0,2.0,2.0,16.0
296,887000,blk_sdb,18.0,0.0,456.0,0.0,0.0,0.0
296,888000,blk_sdb,5.0,0.0,68.0,0.0,0.0,0.0
296,889000,blk_sdb,5.0,0.0,92.0,80.0,575.0,2620.0
296,890000,blk_sdb,9.0,0.0,212.0,0.0,0.0,0.0
296,891000,blk_sdb,11.0,0.0,160.0,2.0,2.0,16.0
296,892000,blk_sdb,19.0,0.0,348.0,0.0,0.0,0.0
296,893000,blk_sdb,7.0,0.0,172.0,0.0,0.0,0.0
296,894000,blk_sdb,4.0,0.0,40.0,0.0,0.0,0.0
296,895000,blk_sdb,6.0,0.0,36.0,0.0,0.0,0.0
296,896000,blk_sdb,16.0,0.0,380.0,2.0,2.0,16.0
296,897000,blk_sdb,3.0,0.0,40.0,0.0,0.0,0.0
296,898000,blk_sdb,18.0,0.0,260.0,0.0,0.0,0.0
296,899000,blk_sdb,14.0,0.0,180.0,61.0,1875.0,7744.0
296,900000,blk_sdb,24.0,0.0,488.0,0.0,0.0,0.0
296,901000,blk_sdb,20.0,0.0,360.0,2.0,2.0,16.0
296,902000,blk_sdb,56.0,0.0,828.0,0.0,0.0,0.0
296,903000,blk_sdb,2.0,0.0,36.0,0.0,0.0,0.0
296,904000,blk_sdb,13.0,0.0,168.0,0.0,0.0,0.0
296,905000,blk_sdb,8.0,0.0,204.0,0.0,0.0,0.0
296,906000,blk_sdb,20.0,0.0,236.0,2.0,2.0,16.0
296,907000,blk_sdb,34.0,0.0,416.0,0.0,0.0,0.0
296,908000,blk_sdb,30.0,0.0,412.0,0.0,0.0,0.0
296,909000,blk_sdb,14.0,0.0,260.0,0.0,0.0,0.0
296,910000,blk_sdb,22.0,0.0,332.0,0.0,0.0,0.0
296,911000,blk_sdb,6.0,0.0,80.0,2.0,2.0,16.0
296,912000,blk_sdb,7.0,0.0,100.0,0.0,0.0,0.0
296,913000,blk_sdb,13.0,0.0,192.0,0.0,0.0,0.0
296,914000,blk_sdb,26.0,0.0,328.0,293.0,423.0,2864.0
296,915000,blk_sdb,2.0,0.0,60.0,0.0,0.0,0.0
296,916000,blk_sdb,20.0,0.0,196.0,2.0,2.0,16.0
296,917000,blk_sdb,41.0,0.0,976.0,0.0,0.0,0.0
296,918000,blk_sdb,22.0,0.0,260.0,0.0,0.0,0.0
296,919000,blk_sdb,17.0,0.0,276.0,74.0,629.0,2812.0
296,920000,blk_sdb,15.0,0.0,304.0,0.0,0.0,0.0
296,921000,blk_sdb,10.0,0.0,180.0,2.0,2.0,16.0
296,922000,blk_sdb,8.0,0.0,136.0,0.0,0.0,0.0
296,923000,blk_sdb,3.0,0.0,196.0,0.0,0.0,0.0
296,924000,blk_sdb,13.0,0.0,320.0,0.0,0.0,0.0
296,925000,blk_sdb,4.0,0.0,140.0,0.0,0.0,0.0
296,926000,blk_sdb,14.0,0.0,464.0,2.0,2.0,16.0
296,927000,blk_sdb,20.0,0.0,408.0,0.0,0.0,0.0
296,928000,blk_sdb,13.0,0.0,444.0,0.0,0.0,0.0
296,929000,blk_sdb,9.0,0.0,156.0,0.0,0.0,0.0
296,930000,blk_sdb,11.0,0.0,252.0,0.0,0.0,0.0
296,931000,blk_sdb,28.0,0.0,300.0,2.0,2.0,16.0
296,932000,blk_sdb,5.0,0.0,140.0,0.0,0.0,0.0
296,933000,blk_sdb,9.0,0.0,236.0,0.0,0.0,0.0
296,934000,blk_sdb,30.0,0.0,444.0,63.0,2385.0,9792.0
296,935000,blk_sdb,14.0,0.0,188.0,0.0,0.0,0.0
296,936000,blk_sdb,20.0,0.0,360.0,2.0,2.0,16.0
296,937000,blk_sdb,19.0,0.0,536.0,0.0,0.0,0.0
296,938000,blk_sdb,2.0,0.0,104.0,0.0,0.0,0.0
296,939000,blk_sdb,2.0,0.0,92.0,0.0,0.0,0.0
296,940000,blk_sdb,20.0,0.0,152.0,0.0,0.0,0.0
296,941000,blk_sdb,8.0,0.0,76.0,2.0,2.0,16.0
296,942000,blk_sdb,15.0,0.0,408.0,0.0,0.0,0.0
296,943000,blk_sdb,9.0,0.0,88.0,0.0,0.0,0.0
296,944000,blk_sdb,11.0,0.0,248.0,309.0,540.0,3396.0
296,945000,blk_sdb,20.0,0.0,368.0,0.0,0.0,0.0
296,946000,blk_sdb,38.0,0.0,708.0,2.0,2.0,16.0
296,947000,blk_sdb,25.0,0.0,308.0,0.0,0.0,0.0
296,948000,blk_sdb,7.0,0.0,172.0,0.0,0.0,0.0
296,949000,blk_sdb,10.0,0.0,248.0,116.0,630.0,2984.0
296,950000,blk_sdb,19.0,0.0,200.0,0.0,0.0,0.0
296,951000,blk_sdb,22.0,0.0,456.0,2.0,2.0,16.0
296,952000,blk_sdb,16.0,0.0,224.0,0.0,0.0,0.0
296,953000,blk_sdb,12.0,0.0,152.0,0.0,0.0,0.0
296,954000,blk_sdb,14.0,0.0,280.0,0.0,0.0,0.0
296,955000,blk_sdb,14.0,0.0,188.0,0.0,0.0,0.0
296,956000,blk_sdb,7.0,0.0,116.0,2.0,2.0,16.0
296,957000,blk_sdb,3.0,0.0,72.0,0.0,0.0,0.0
296,958000,blk_sdb,23.0,0.0,256.0,0.0,0.0,0.0
296,959000,blk_sdb,9.0,0.0,100.0,0.0,0.0,0.0
296,960000,blk_sdb,29.0,0.0,228.0,0.0,0.0,0.0
296,961000,blk_sdb,3.0,0.0,76.0,2.0,2.0,16.0
296,962000,blk_sdb,2.0,0.0,60.0,0.0,0.0,0.0
296,963000,blk_sdb,9.0,0.0,156.0,0.0,0.0,0.0
296,964000,blk_sdb,8.0,0.0,100.0,0.0,0.0,0.0
296,965000,blk_sdb,16.0,0.0,320.0,0.0,0.0,0.0
296,966000,blk_sdb,29.0,0.0,404.0,2.0,2.0,16.0
296,967000,blk_sdb,26.0,0.0,436.0,0.0,0.0,0.0
296,968000,blk_sdb,27.0,0.0,304.0,0.0,0.0,0.0
296,969000,blk_sdb,6.0,0.0,116.0,83.0,2413.0,9984.0
296,970000,blk_sdb,28.0,0.0,376.0,0.0,0.0,0.0
296,971000,blk_sdb,17.0,0.0,252.0,2.0,2.0,16.0
296,972000,blk_sdb,25.0,0.0,316.0,0.0,0.0,0.0
296,973000,blk_sdb,12.0,0.0,132.0,0.0,0.0,0.0
296,974000,blk_sdb,24.0,0.0,388.0,313.0,522.0,3340.0
296,975000,blk_sdb,25.0,0.0,472.0,0.0,0.0,0.0
296,976000,blk_sdb,8.0,0.0,100.0,2.0,2.0,16.0
296,977000,blk_sdb,14.0,0.0,308.0,0.0,0.0,0.0
296,978000,blk_sdb,4.0,0.0,68.0,0.0,0.0,0.0
296,979000,blk_sdb,7.0,0.0,116.0,130.0,670.0,3200.0
296,980000,blk_sdb,8.0,0.0,112.0,0.0,0.0,0.0
296,981000,blk_sdb,9.0,0.0,184.0,2.0,2.0,16.0
296,982000,blk_sdb,24.0,0.0,276.0,0.0,0.0,0.0
296,983000,blk_sdb,3.0,0.0,16.0,0.0,0.0,0.0
296,984000,blk_sdb,4.0,0.0,68.0,0.0,0.0,0.0
296,985000,blk_sdb,4.0,0.0,128.0,0.0,0.0,0.0
296,986000,blk_sdb,0.0,0.0,0.0,2.0,2.0,16.0
296,987000,blk_sdb,11.0,0.0,224.0,0.0,0.0,0.0
296,988000,blk_sdb,19.0,0.0,348.0,0.0,0.0,0.0
296,989000,blk_sdb,7.0,0.0,100.0,0.0,0.0,0.0
296,990000,blk_sdb,3.0,0.0,48.0,0.0,0.0,0.0
296,991000,blk_sdb,13.0,0.0,172.0,2.0,2.0,16.0
296,992000,blk_sdb,8.0,0.0,52.0,0.0,0.0,0.0
296,993000,blk_sdb,1.0,0.0,24.0,0.0,0.0,0.0
296,994000,blk_sdb,2.0,0.0,168.0,0.0,0.0,0.0
296,995000,blk_sdb,3.0,0.0,116.0,0.0,0.0,0.0
296,996000,blk_sdb,7.0,0.0,248.0,2.0,2.0,16.0
296,997000,blk_sdb,21.0,0.0,464.0,0.0,0.0,0.0
296,998000,blk_sdb,2.0,0.0,56.0,0.0,0.0,0.0
296,999000,blk_sdb,15.0,0.0,196.0,0.0,0.0,0.0
296,1000000,blk_sdb,15.0,0.0,348.0,0.0,0.0,0.0
296,1001000,blk_sdb,11.0,0.0,148.0,2.0,2.0,16.0
296,1002000,blk_sdb,17.0,0.0,340.0,0.0,0.0,0.0
296,1003000,blk_sdb,0.0,0.0,0.0,0.0,0.0,0.0
296,1004000,blk_sdb,5.0,0.0,140.0,409.0,2398.0,11228.0
296,1005000,blk_sdb,7.0,0.0,40.0,0.0,0.0,0.0
296,1006000,blk_sdb,15.0,0.0,172.0,2.0,2.0,16.0
296,1007000,blk_sdb,10.0,0.0,312.0,0.0,0.0,0.0
296,1008000,blk_sdb,8.0,0.0,168.0,0.0,0.0,0.0
296,1009000,blk_sdb,14.0,0.0,204.0,148.0,673.0,3284.0
296,1010000,blk_sdb,25.0,0.0,472.0,0.0,0.0,0.0
296,1011000,blk_sdb,9.0,0.0,84.0,2.0,2.0,16.0
296,1012000,blk_sdb,11.0,0.0,136.0,0.0,0.0,0.0
296,1013000,blk_sdb,6.0,0.0,100.0,0.0,0.0,0.0
296,1014000,blk_sdb,11.0,0.0,208.0,0.0,0.0,0.0
296,1015000,blk_sdb,4.0,0.0,60.0,0.0,0.0,0.0
296,1016000,blk_sdb,16.0,0.0,180.0,2.0,2.0,16.0
296,1017000,blk_sdb,8.0,0.0,140.0,0.0,0.0,0.0
296,1018000,blk_sdb,14.0,0.0,300.0,0.0,0.0,0.0
296,1019000,blk_sdb,11.0,0.0,96.0,0.0,0.0,0.0
296,1020000,blk_sdb,4.0,0.0,124.0,0.0,0.0,0.0
296,1021000,blk_sdb,0.0,0.0,0.0,2.0,2.0,16.0
296,1022000,blk_sdb,0.0,0.0,0.0,0.0,0.0,0.0
296,1023000,blk_sdb,0.0,0.0,0.0,0.0,0.0,0.0
296,1024000,blk_sdb,11.0,0.0,228.0,0.0,0.0,0.0
296,1025000,blk_sdb,12.0,0.0,208.0,0.0,0.0,0.0
296,1026000,blk_sdb,0.0,0.0,0.0,2.0,2.0,16.0
296,1027000,blk_sdb,1.0,0.0,96.0,0.0,0.0,0.0
296,1028000,blk_sdb,6.0,0.0,76.0,0.0,0.0,0.0
296,1029000,blk_sdb,11.0,0.0,344.0,0.0,0.0,0.0
296,1030000,blk_sdb,11.0,0.0,88.0,0.0,0.0,0.0
296,1031000,blk_sdb,0.0,0.0,0.0,2.0,2.0,16.0
296,1032000,blk_sdb,7.0,0.0,60.0,0.0,0.0,0.0
296,1033000,blk_sdb,8.0,0.0,100.0,0.0,0.0,0.0
296,1034000,blk_sdb,1.0,0.0,40.0,249.0,282.0,2124.0
296,1035000,blk_sdb,5.0,0.0,112.0,0.0,0.0,0.0
296,1036000,blk_sdb,0.0,0.0,0.0,2.0,2.0,16.0
296,1037000,blk_sdb,9.0,0.0,156.0,0.0,0.0,0.0
296,1038000,blk_sdb,2.0,0.0,80.0,0.0,0.0,0.0
296,1039000,blk_sdb,6.0,0.0,96.0,277.0,2415.0,10768.0
296,1040000,blk_sdb,0.0,0.0,0.0,0.0,0.0,0.0
296,1041000,blk_sdb,10.0,0.0,168.0,2.0,2.0,16.0
296,1042000,blk_sdb,21.0,0.0,264.0,0.0,0.0,0.0
296,1043000,blk_sdb,4.0,0.0,136.0,0.0,0.0,0.0
296,1044000,blk_sdb,10.0,0.0,220.0,0.0,0.0,0.0
296,1045000,blk_sdb,0.0,0.0,0.0,0.0,0.0,0.0
296,1046000,blk_sdb,3.0,0.0,84.0,2.0,2.0,16.0
296,1047000,blk_sdb,15.0,0.0,268.0,0.0,0.0,0.0
296,1048000,blk_sdb,6.0,0.0,92.0,0.0,0.0,0.0
296,1049000,blk_sdb,29.0,0.0,684.0,0.0,0.0,0.0
296,1050000,blk_sdb,6.0,0.0,64.0,0.0,0.0,0.0
296,1051000,blk_sdb,0.0,0.0,0.0,2.0,2.0,16.0
296,1052000,blk_sdb,6.0,0.0,36.0,0.0,0.0,0.0
296,1053000,blk_sdb,0.0,0.0,0.0,0.0,0.0,0.0
296,1054000,blk_sdb,11.0,0.0,192.0,0.0,0.0,0.0
296,1055000,blk_sdb,0.0,0.0,0.0,0.0,0.0,0.0
296,1056000,blk_sdb,3.0,0.0,76.0,2.0,2.0,16.0
296,1057000,blk_sdb,10.0,0.0,144.0,0.0,0.0,0.0
296,1058000,blk_sdb,5.0,0.0,64.0,0.0,0.0,0.0
296,1059000,blk_sdb,1.0,0.0,4.0,0.0,0.0,0.0
296,1060000,blk_sdb,9.0,0.0,96.0,0.0,0.0,0.0
296,1061000,blk_sdb,0.0,0.0,0.0,2.0,2.0,16.0
296,1062000,blk_sdb,2.0,0.0,48.0,0.0,0.0,0.0
296,1063000,blk_sdb,1.0,0.0,4.0,0.0,0.0,0.0
296,1064000,blk_sdb,8.0,0.0,220.0,222.0,242.0,1856.0
296,1065000,blk_sdb,3.0,0.0,64.0,0.0,0.0,0.0
296,1066000,blk_sdb,13.0,0.0,80.0,2.0,2.0,16.0
296,1067000,blk_sdb,0.0,0.0,0.0,0.0,0.0,0.0
296,1068000,blk_sdb,0.0,0.0,0.0,0.0,0.0,0.0
296,1069000,blk_sdb,0.0,0.0,0.0,177.0,596.0,3092.0
296,1070000,blk_sdb,21.0,0.0,408.0,0.0,0.0,0.0
296,1071000,blk_sdb,0.0,0.0,0.0,0.0,0.0,0.0
296,1072000,blk_sdb,1.0,0.0,24.0,2.0,2.0,16.0
296,1073000,blk_sdb,0.0,0.0,0.0,0.0,0.0,0.0
296,1074000,blk_sdb,1.0,0.0,116.0,50.0,1502.0,6208.0
296,1075000,blk_sdb,4.0,0.0,16.0,0.0,0.0,0.0
296,1076000,blk_sdb,6.0,0.0,68.0,0.0,0.0,0.0
296,1077000,blk_sdb,5.0,0.0,80.0,3.0,1.0,16.0
296,1078000,blk_sdb,7.0,0.0,120.0,0.0,0.0,0.0
296,1079000,blk_sdb,1.0,0.0,92.0,0.0,0.0,0.0
296,1080000,blk_sdb,0.0,0.0,0.0,0.0,0.0,0.0
296,1081000,blk_sdb,2.0,0.0,136.0,0.0,0.0,0.0
296,1082000,blk_sdb,13.0,0.0,276.0,2.0,2.0,16.0
296,1083000,blk_sdb,24.0,0.0,256.0,0.0,0.0,0.0
296,1084000,blk_sdb,0.0,0.0,0.0,0.0,0.0,0.0
296,1085000,blk_sdb,0.0,0.0,0.0,0.0,0.0,0.0
296,1086000,blk_sdb,3.0,0.0,32.0,0.0,0.0,0.0
296,1087000,blk_sdb,0.0,0.0,0.0,2.0,2.0,16.0
296,1088000,blk_sdb,12.0,0.0,152.0,0.0,0.0,0.0
296,1089000,blk_sdb,19.0,0.0,424.0,0.0,0.0,0.0
296,1090000,blk_sdb,5.0,0.0,32.0,0.0,0.0,0.0
296,1091000,blk_sdb,5.0,0.0,64.0,0.0,0.0,0.0
296,1092000,blk_sdb,2.0,0.0,92.0,2.0,2.0,16.0
296,1093000,blk_sdb,9.0,0.0,172.0,0.0,0.0,0.0
296,1094000,blk_sdb,3.0,0.0,24.0,265.0,229.0,1976.0
296,1095000,blk_sdb,0.0,0.0,0.0,0.0,0.0,0.0
296,1096000,blk_sdb,12.0,0.0,176.0,0.0,0.0,0.0
296,1097000,blk_sdb,3.0,0.0,16.0,2.0,2.0,16.0
296,1098000,blk_sdb,6.0,0.0,84.0,0.0,0.0,0.0
296,1099000,blk_sdb,5.0,0.0,32.0,219.0,680.0,3596.0
296,1100000,blk_sdb,2.0,0.0,76.0,0.0,0.0,0.0
296,1101000,blk_sdb,0.0,0.0,0.0,0.0,0.0,0.0
296,1102000,blk_sdb,0.0,0.0,0.0,2.0,2.0,16.0
296,1103000,blk_sdb,5.0,0.0,228.0,0.0,0.0,0.0
296,1104000,blk_sdb,6.0,0.0,44.0,0.0,0.0,0.0
296,1105000,blk_sdb,0.0,0.0,0.0,0.0,0.0,0.0
296,1106000,blk_sdb,5.0,0.0,100.0,0.0,0.0,0.0
296,1107000,blk_sdb,2.0,0.0,28.0,2.0,2.0,16.0
296,1108000,blk_sdb,4.0,0.0,132.0,0.0,0.0,0.0
296,1109000,blk_sdb,4.0,0.0,32.0,28.0,740.0,3072.0
296,1110000,blk_sdb,7.0,0.0,216.0,0.0,0.0,0.0
296,1111000,blk_sdb,1.0,0.0,124.0,0.0,0.0,0.0
296,1112000,blk_sdb,0.0,0.0,0.0,2.0,2.0,16.0
296,1113000,blk_sdb,0.0,0.0,0.0,0.0,0.0,0.0
296,1114000,blk_sdb,8.0,0.0,132.0,0.0,0.0,0.0
296,1115000,blk_sdb,0.0,0.0,0.0,0.0,0.0,0.0
296,1116000,blk_sdb,5.0,0.0,32.0,0.0,0.0,0.0
296,1117000,blk_sdb,19.0,0.0,344.0,2.0,2.0,16.0
296,1118000,blk_sdb,8.0,0.0,220.0,0.0,0.0,0.0
296,1119000,blk_sdb,1.0,0.0,60.0,1.0,3.0,16.0
296,1120000,blk_sdb,11.0,0.0,316.0,0.0,0.0,0.0
296,1121000,blk_sdb,19.0,0.0,376.0,0.0,0.0,0.0
296,1122000,blk_sdb,4.0,0.0,80.0,2.0,2.0,16.0
296,1123000,blk_sdb,13.0,0.0,276.0,0.0,0.0,0.0
296,1124000,blk_sdb,21.0,0.0,364.0,254.0,300.0,2216.0
296,1125000,blk_sdb,13.0,0.0,184.0,0.0,0.0,0.0
296,1126000,blk_sdb,28.0,0.0,360.0,0.0,0.0,0.0
296,1127000,blk_sdb,16.0,0.0,372.0,2.0,2.0,16.0
296,1128000,blk_sdb,6.0,0.0,84.0,0.0,0.0,0.0
296,1129000,blk_sdb,7.0,0.0,36.0,227.0,603.0,3320.0
296,1130000,blk_sdb,0.0,0.0,0.0,0.0,0.0,0.0
296,1131000,blk_sdb,8.0,0.0,124.0,0.0,0.0,0.0
296,1132000,blk_sdb,10.0,0.0,116.0,2.0,2.0,16.0
296,1133000,blk_sdb,7.0,0.0,92.0,0.0,0.0,0.0
296,1134000,blk_sdb,5.0,0.0,112.0,0.0,0.0,0.0
296,1135000,blk_sdb,9.0,0.0,236.0,0.0,0.0,0.0
296,1136000,blk_sdb,20.0,0.0,280.0,0.0,0.0,0.0
296,1137000,blk_sdb,15.0,0.0,164.0,2.0,2.0,16.0
296,1138000,blk_sdb,5.0,0.0,232.0,0.0,0.0,0.0
296,1139000,blk_sdb,7.0,0.0,80.0,0.0,0.0,0.0
296,1140000,blk_sdb,0.0,0.0,0.0,0.0,0.0,0.0
296,1141000,blk_sdb,3.0,0.0,156.0,0.0,0.0,0.0
296,1142000,blk_sdb,17.0,0.0,216.0,2.0,2.0,16.0
296,1143000,blk_sdb,18.0,0.0,112.0,0.0,0.0,0.0
296,1144000,blk_sdb,6.0,0.0,64.0,0.0,0.0,0.0
296,1145000,blk_sdb,0.0,0.0,0.0,0.0,0.0,0.0
296,1146000,blk_sdb,5.0,0.0,120.0,0.0,0.0,0.0
296,1147000,blk_sdb,8.0,0.0,80.0,2.0,2.0,16.0
296,1148000,blk_sdb,34.0,0.0,508.0,0.0,0.0,0.0
296,1149000,blk_sdb,6.0,0.0,68.0,83.0,2953.0,12144.0
296,1150000,blk_sdb,23.0,0.0,316.0,0.0,0.0,0.0
296,1151000,blk_sdb,13.0,0.0,172.0,0.0,0.0,0.0
296,1152000,blk_sdb,10.0,0.0,76.0,3.0,1.0,16.0
296,1153000,blk_sdb,1.0,0.0,4.0,0.0,0.0,0.0
296,1154000,blk_sdb,1.0,0.0,56.0,334.0,361.0,2780.0
296,1155000,blk_sdb,5.0,0.0,168.0,0.0,0.0,0.0
296,1156000,blk_sdb,5.0,0.0,56.0,0.0,0.0,0.0
296,1157000,blk_sdb,31.0,0.0,448.0,3.0,1.0,16.0
296,1158000,blk_sdb,3.0,0.0,68.0,0.0,0.0,0.0
296,1159000,blk_sdb,9.0,0.0,144.0,249.0,687.0,3744.0
296,1160000,blk_sdb,0.0,0.0,0.0,0.0,0.0,0.0
296,1161000,blk_sdb,3.0,0.0,80.0,0.0,0.0,0.0
296,1162000,blk_sdb,6.0,0.0,56.0,2.0,2.0,16.0
296,1163000,blk_sdb,7.0,0.0,196.0,0.0,0.0,0.0
296,1164000,blk_sdb,2.0,0.0,36.0,0.0,0.0,0.0
296,1165000,blk_sdb,17.0,0.0,228.0,0.0,0.0,0.0
296,1166000,blk_sdb,0.0,0.0,0.0,0.0,0.0,0.0
296,1167000,blk_sdb,5.0,0.0,76.0,0.0,0.0,0.0
296,1168000,blk_sdb,16.0,0.0,280.0,2.0,2.0,16.0
296,1169000,blk_sdb,2.0,0.0,8.0,0.0,0.0,0.0
296,1170000,blk_sdb,4.0,0.0,60.0,0.0,0.0,0.0
296,1171000,blk_sdb,1.0,0.0,108.0,0.0,0.0,0.0
296,1172000,blk_sdb,23.0,0.0,420.0,0.0,0.0,0.0
296,1173000,blk_sdb,24.0,0.0,272.0,2.0,2.0,16.0
296,1174000,blk_sdb,16.0,0.0,212.0,0.0,0.0,0.0
296,1175000,blk_sdb,18.0,0.0,204.0,0.0,0.0,0.0
296,1176000,blk_sdb,18.0,0.0,292.0,0.0,0.0,0.0
296,1177000,blk_sdb,14.0,0.0,140.0,0.0,0.0,0.0
296,1178000,blk_sdb,12.0,0.0,188.0,2.0,2.0,16.0
296,1179000,blk_sdb,19.0,0.0,228.0,0.0,0.0,0.0
296,1180000,blk_sdb,8.0,0.0,192.0,0.0,0.0,0.0
296,1181000,blk_sdb,17.0,0.0,288.0,0.0,0.0,0.0
296,1182000,blk_sdb,15.0,0.0,208.0,0.0,0.0,0.0
296,1183000,blk_sdb,23.0,0.0,192.0,2.0,2.0,16.0
296,1184000,blk_sdb,0.0,0.0,0.0,429.0,2593.0,12088.0
296,1185000,blk_sdb,16.0,0.0,424.0,0.0,0.0,0.0
296,1186000,blk_sdb,11.0,0.0,188.0,0.0,0.0,0.0
296,1187000,blk_sdb,23.0,0.0,272.0,0.0,0.0,0.0
296,1188000,blk_sdb,8.0,0.0,320.0,2.0,2.0,16.0
296,1189000,blk_sdb,15.0,0.0,228.0,262.0,761.0,4092.0
296,1190000,blk_sdb,7.0,0.0,104.0,0.0,0.0,0.0
296,1191000,blk_sdb,10.0,0.0,136.0,0.0,0.0,0.0
296,1192000,blk_sdb,13.0,0.0,304.0,0.0,0.0,0.0
296,1193000,blk_sdb,13.0,0.0,244.0,2.0,2.0,16.0
296,1194000,blk_sdb,5.0,0.0,112.0,0.0,0.0,0.0
296,1195000,blk_sdb,3.0,0.0,188.0,0.0,0.0,0.0
296,1196000,blk_sdb,30.0,0.0,488.0,0.0,0.0,0.0
296,1197000,blk_sdb,3.0,0.0,116.0,0.0,0.0,0.0
296,1198000,blk_sdb,14.0,0.0,320.0,2.0,2.0,16.0
296,1199000,blk_sdb,14.0,0.0,256.0,0.0,0.0,0.0
296,1200000,blk_sdb,18.0,0.0,264.0,0.0,0.0,0.0
296,1201000,blk_sdb,21.0,0.0,408.0,0.0,0.0,0.0
296,1202000,blk_sdb,19.0,0.0,156.0,0.0,0.0,0.0
296,1203000,blk_sdb,2.0,0.0,64.0,2.0,2.0,16.0
296,1204000,blk_sdb,31.0,0.0,488.0,0.0,0.0,0.0
296,1205000,blk_sdb,20.0,0.0,288.0,0.0,0.0,0.0
296,1206000,blk_sdb,1.0,0.0,4.0,0.0,0.0,0.0
296,1207000,blk_sdb,5.0,0.0,136.0,0.0,0.0,0.0
296,1208000,blk_sdb,9.0,0.0,204.0,2.0,2.0,16.0
296,1209000,blk_sdb,4.0,0.0,180.0,0.0,0.0,0.0
296,1210000,blk_sdb,7.0,0.0,252.0,0.0,0.0,0.0
296,1211000,blk_sdb,35.0,0.0,544.0,0.0,0.0,0.0
296,1212000,blk_sdb,7.0,0.0,144.0,0.0,0.0,0.0
296,1213000,blk_sdb,23.0,0.0,268.0,2.0,2.0,16.0
296,1214000,blk_sdb,15.0,0.0,108.0,410.0,574.0,3936.0
296,1215000,blk_sdb,18.0,0.0,276.0,0.0,0.0,0.0
296,1216000,blk_sdb,17.0,0.0,492.0,0.0,0.0,0.0
296,1217000,blk_sdb,29.0,0.0,436.0,0.0,0.0,0.0
296,1218000,blk_sdb,11.0,0.0,208.0,2.0,2.0,16.0
296,1219000,blk_sdb,15.0,0.0,184.0,419.0,3025.0,13776.0
296,1220000,blk_sdb,29.0,0.0,376.0,0.0,0.0,0.0
296,1221000,blk_sdb,12.0,0.0,160.0,0.0,0.0,0.0
296,1222000,blk_sdb,17.0,0.0,300.0,0.0,0.0,0.0
296,1223000,blk_sdb,4.0,0.0,36.0,3.0,1.0,16.0
296,1224000,blk_sdb,6.0,0.0,64.0,0.0,0.0,0.0
296,1225000,blk_sdb,9.0,0.0,208.0,0.0,0.0,0.0
296,1226000,blk_sdb,7.0,0.0,200.0,0.0,0.0,0.0
296,1227000,blk_sdb,25.0,0.0,468.0,0.0,0.0,0.0
296,1228000,blk_sdb,2.0,0.0,104.0,2.0,2.0,16.0
296,1229000,blk_sdb,11.0,0.0,140.0,0.0,0.0,0.0
296,1230000,blk_sdb,9.0,0.0,160.0,0.0,0.0,0.0
296,1231000,blk_sdb,13.0,0.0,124.0,0.0,0.0,0.0
296,1232000,blk_sdb,9.0,0.0,92.0,0.0,0.0,0.0
296,1233000,blk_sdb,15.0,0.0,240.0,3.0,1.0,16.0
296,1234000,blk_sdb,12.0,0.0,148.0,0.0,0.0,0.0
296,1235000,blk_sdb,10.0,0.0,136.0,0.0,0.0,0.0
296,1236000,blk_sdb,0.0,0.0,0.0,0.0,0.0,0.0
296,1237000,blk_sdb,28.0,0.0,276.0,0.0,0.0,0.0
296,1238000,blk_sdb,1.0,0.0,16.0,2.0,2.0,16.0
296,1239000,blk_sdb,18.0,0.0,468.0,0.0,0.0,0.0
296,1240000,blk_sdb,12.0,0.0,212.0,0.0,0.0,0.0
296,1241000,blk_sdb,25.0,0.0,488.0,0.0,0.0,0.0
296,1242000,blk_sdb,12.0,0.0,208.0,0.0,0.0,0.0
296,1243000,blk_sdb,7.0,0.0,152.0,2.0,2.0,16.0
296,1244000,blk_sdb,3.0,0.0,44.0,347.0,539.0,2400.0
296,1245000,blk_sdb,8.0,0.0,372.0,37.0,0.0,1292.0
296,1246000,blk_sdb,12.0,0.0,168.0,0.0,0.0,0.0
296,1247000,blk_sdb,0.0,0.0,0.0,0.0,0.0,0.0
296,1248000,blk_sdb,1.0,0.0,4.0,2.0,2.0,16.0
296,1249000,blk_sdb,4.0,0.0,112.0,61.0,553.0,2456.0
296,1250000,blk_sdb,0.0,0.0,0.0,0.0,0.0,0.0
296,1251000,blk_sdb,26.0,0.0,228.0,0.0,0.0,0.0
296,1252000,blk_sdb,20.0,0.0,188.0,0.0,0.0,0.0
296,1253000,blk_sdb,8.0,0.0,160.0,2.0,2.0,16.0
296,1254000,blk_sdb,13.0,0.0,116.0,49.0,2159.0,8832.0
296,1255000,blk_sdb,1.0,0.0,32.0,0.0,0.0,0.0
296,1256000,blk_sdb,0.0,0.0,0.0,0.0,0.0,0.0
296,1257000,blk_sdb,7.0,0.0,156.0,0.0,0.0,0.0
296,1258000,blk_sdb,13.0,0.0,220.0,2.0,2.0,16.0
296,1259000,blk_sdb,16.0,0.0,320.0,0.0,0.0,0.0
296,1260000,blk_sdb,12.0,0.0,260.0,0.0,0.0,0.0
296,1261000,blk_sdb,4.0,0.0,244.0,0.0,0.0,0.0
296,1262000,blk_sdb,6.0,0.0,76.0,0.0,0.0,0.0
296,1263000,blk_sdb,5.0,0.0,56.0,2.0,2.0,16.0
296,1264000,blk_sdb,9.0,0.0,276.0,0.0,0.0,0.0
296,1265000,blk_sdb,6.0,0.0,204.0,0.0,0.0,0.0
296,1266000,blk_sdb,7.0,0.0,40.0,0.0,0.0,0.0
296,1267000,blk_sdb,14.0,0.0,232.0,0.0,0.0,0.0
296,1268000,blk_sdb,9.0,0.0,212.0,2.0,2.0,16.0
296,1269000,blk_sdb,4.0,0.0,68.0,0.0,0.0,0.0
296,1270000,blk_sdb,5.0,0.0,40.0,0.0,0.0,0.0
296,1271000,blk_sdb,16.0,0.0,388.0,0.0,0.0,0.0
296,1272000,blk_sdb,3.0,0.0,108.0,0.0,0.0,0.0
296,1273000,blk_sdb,8.0,0.0,92.0,2.0,2.0,16.0
296,1274000,blk_sdb,13.0,0.0,212.0,256.0,486.0,1560.0
296,1275000,blk_sdb,12.0,0.0,288.0,112.0,0.0,1856.0
296,1276000,blk_sdb,18.0,0.0,120.0,0.0,0.0,0.0
296,1277000,blk_sdb,6.0,0.0,64.0,0.0,0.0,0.0
296,1278000,blk_sdb,4.0,0.0,36.0,2.0,2.0,16.0
296,1279000,blk_sdb,10.0,0.0,228.0,96.0,676.0,3088.0
296,1280000,blk_sdb,10.0,0.0,56.0,0.0,0.0,0.0
296,1281000,blk_sdb,21.0,0.0,388.0,0.0,0.0,0.0
296,1282000,blk_sdb,5.0,0.0,128.0,0.0,0.0,0.0
296,1283000,blk_sdb,4.0,0.0,20.0,2.0,2.0,16.0
296,1284000,blk_sdb,6.0,0.0,80.0,38.0,1994.0,8128.0
296,1285000,blk_sdb,12.0,0.0,168.0,0.0,0.0,0.0
296,1286000,blk_sdb,4.0,0.0,32.0,0.0,0.0,0.0
296,1287000,blk_sdb,5.0,0.0,44.0,0.0,0.0,0.0
296,1288000,blk_sdb,7.0,0.0,148.0,2.0,2.0,16.0
296,1289000,blk_sdb,3.0,0.0,76.0,0.0,0.0,0.0
296,1290000,blk_sdb,10.0,0.0,168.0,0.0,0.0,0.0
296,1291000,blk_sdb,5.0,0.0,104.0,0.0,0.0,0.0
296,1292000,blk_sdb,6.0,0.0,180.0,0.0,0.0,0.0
296,1293000,blk_sdb,18.0,0.0,276.0,2.0,2.0,16.0
296,1294000,blk_sdb,18.0,0.0,420.0,0.0,0.0,0.0
296,1295000,blk_sdb,5.0,0.0,64.0,0.0,0.0,0.0
296,1296000,blk_sdb,8.0,0.0,176.0,0.0,0.0,0.0
296,1297000,blk_sdb,6.0,0.0,132.0,0.0,0.0,0.0
296,1298000,blk_sdb,13.0,0.0,184.0,2.0,2.0,16.0
296,1299000,blk_sdb,8.0,0.0,172.0,0.0,0.0,0.0
296,1300000,blk_sdb,10.0,0.0,172.0,0.0,0.0,0.0
296,1301000,blk_sdb,20.0,0.0,280.0,0.0,0.0,0.0
296,1302000,blk_sdb,6.0,0.0,92.0,0.0,0.0,0.0
296,1303000,blk_sdb,2.0,0.0,124.0,2.0,2.0,16.0
296,1304000,blk_sdb,11.0,0.0,344.0,48.0,330.0,1512.0
296,1305000,blk_sdb,9.0,0.0,100.0,0.0,0.0,0.0
296,1306000,blk_sdb,15.0,0.0,220.0,0.0,0.0,0.0
296,1307000,blk_sdb,13.0,0.0,232.0,0.0,0.0,0.0
296,1308000,blk_sdb,12.0,0.0,312.0,2.0,2.0,16.0
296,1309000,blk_sdb,7.0,0.0,188.0,93.0,638.0,2924.0
296,1310000,blk_sdb,19.0,0.0,456.0,0.0,0.0,0.0
296,1311000,blk_sdb,7.0,0.0,64.0,0.0,0.0,0.0
296,1312000,blk_sdb,6.0,0.0,92.0,0.0,0.0,0.0
296,1313000,blk_sdb,9.0,0.0,200.0,2.0,2.0,16.0
296,1314000,blk_sdb,3.0,0.0,20.0,0.0,0.0,0.0
296,1315000,blk_sdb,0.0,0.0,0.0,0.0,0.0,0.0
296,1316000,blk_sdb,21.0,0.0,256.0,0.0,0.0,0.0
296,1317000,blk_sdb,22.0,0.0,268.0,0.0,0.0,0.0
296,1318000,blk_sdb,21.0,0.0,316.0,3.0,1.0,16.0
296,1319000,blk_sdb,18.0,0.0,264.0,54.0,2202.0,9024.0
296,1320000,blk_sdb,7.0,0.0,236.0,0.0,0.0,0.0
296,1321000,blk_sdb,15.0,0.0,260.0,0.0,0.0,0.0
296,1322000,blk_sdb,8.0,0.0,148.0,0.0,0.0,0.0
296,1323000,blk_sdb,11.0,0.0,348.0,2.0,2.0,16.0
296,1324000,blk_sdb,18.0,0.0,300.0,0.0,0.0,0.0
296,1325000,blk_sdb,12.0,0.0,184.0,0.0,0.0,0.0
296,1326000,blk_sdb,17.0,0.0,344.0,0.0,0.0,0.0
296,1327000,blk_sdb,3.0,0.0,16.0,0.0,0.0,0.0
296,1328000,blk_sdb,12.0,0.0,272.0,2.0,2.0,16.0
296,1329000,blk_sdb,0.0,0.0,0.0,0.0,0.0,0.0
296,1330000,blk_sdb,28.0,0.0,644.0,0.0,0.0,0.0
296,1331000,blk_sdb,10.0,0.0,136.0,0.0,0.0,0.0
296,1332000,blk_sdb,26.0,0.0,252.0,0.0,0.0,0.0
296,1333000,blk_sdb,10.0,0.0,148.0,2.0,2.0,16.0
296,1334000,blk_sdb,15.0,0.0,232.0,71.0,420.0,1964.0
296,1335000,blk_sdb,11.0,0.0,268.0,0.0,0.0,0.0
296,1336000,blk_sdb,18.0,0.0,468.0,0.0,0.0,0.0
296,1337000,blk_sdb,2.0,0.0,8.0,0.0,0.0,0.0
296,1338000,blk_sdb,3.0,0.0,48.0,2.0,2.0,16.0
296,1339000,blk_sdb,14.0,0.0,272.0,106.0,563.0,2676.0
296,1340000,blk_sdb,20.0,0.0,320.0,0.0,0.0,0.0
296,1341000,blk_sdb,6.0,0.0,256.0,0.0,0.0,0.0
296,1342000,blk_sdb,13.0,0.0,208.0,0.0,0.0,0.0
296,1343000,blk_sdb,3.0,0.0,116.0,2.0,2.0,16.0
296,1344000,blk_sdb,12.0,0.0,336.0,0.0,0.0,0.0
296,1345000,blk_sdb,8.0,0.0,116.0,0.0,0.0,0.0
296,1346000,blk_sdb,6.0,0.0,48.0,0.0,0.0,0.0
296,1347000,blk_sdb,6.0,0.0,28.0,0.0,0.0,0.0
296,1348000,blk_sdb,29.0,0.0,348.0,3.0,1.0,16.0
296,1349000,blk_sdb,16.0,0.0,332.0,0.0,0.0,0.0
296,1350000,blk_sdb,16.0,0.0,248.0,0.0,0.0,0.0
296,1351000,blk_sdb,13.0,0.0,384.0,0.0,0.0,0.0
296,1352000,blk_sdb,10.0,0.0,176.0,0.0,0.0,0.0
296,1353000,blk_sdb,13.0,0.0,176.0,2.0,2.0,16.0
296,1354000,blk_sdb,16.0,0.0,276.0,56.0,2152.0,8832.0
296,1355000,blk_sdb,7.0,0.0,196.0,0.0,0.0,0.0
296,1356000,blk_sdb,7.0,0.0,60.0,0.0,0.0,0.0
296,1357000,blk_sdb,9.0,0.0,116.0,0.0,0.0,0.0
296,1358000,blk_sdb,13.0,0.0,216.0,2.0,2.0,16.0
296,1359000,blk_sdb,24.0,0.0,264.0,0.0,0.0,0.0
296,1360000,blk_sdb,22.0,0.0,248.0,0.0,0.0,0.0
296,1361000,blk_sdb,14.0,0.0,252.0,0.0,0.0,0.0
296,1362000,blk_sdb,0.0,0.0,0.0,0.0,0.0,0.0
296,1363000,blk_sdb,7.0,0.0,108.0,2.0,2.0,16.0
296,1364000,blk_sdb,15.0,0.0,148.0,76.0,428.0,2016.0
296,1365000,blk_sdb,6.0,0.0,100.0,0.0,0.0,0.0
296,1366000,blk_sdb,22.0,0.0,572.0,0.0,0.0,0.0
296,1367000,blk_sdb,17.0,0.0,308.0,0.0,0.0,0.0
296,1368000,blk_sdb,19.0,0.0,272.0,2.0,2.0,16.0
296,1369000,blk_sdb,1.0,0.0,20.0,110.0,626.0,2944.0
296,1370000,blk_sdb,9.0,0.0,164.0,0.0,0.0,0.0
296,1371000,blk_sdb,10.0,0.0,84.0,0.0,0.0,0.0
296,1372000,blk_sdb,25.0,0.0,292.0,0.0,0.0,0.0
296,1373000,blk_sdb,8.0,0.0,80.0,2.0,2.0,16.0
296,1374000,blk_sdb,9.0,0.0,64.0,0.0,0.0,0.0
296,1375000,blk_sdb,2.0,0.0,100.0,0.0,0.0,0.0
296,1376000,blk_sdb,4.0,0.0,52.0,0.0,0.0,0.0
296,1377000,blk_sdb,20.0,0.0,252.0,0.0,0.0,0.0
296,1378000,blk_sdb,5.0,0.0,56.0,2.0,2.0,16.0
296,1379000,blk_sdb,38.0,0.0,484.0,0.0,0.0,0.0
296,1380000,blk_sdb,15.0,0.0,428.0,0.0,0.0,0.0
296,1381000,blk_sdb,0.0,0.0,0.0,0.0,0.0,0.0
296,1382000,blk_sdb,18.0,0.0,228.0,0.0,0.0,0.0
296,1383000,blk_sdb,10.0,0.0,140.0,2.0,2.0,16.0
296,1384000,blk_sdb,3.0,0.0,88.0,1.0,3.0,16.0
296,1385000,blk_sdb,37.0,0.0,676.0,0.0,0.0,0.0
296,1386000,blk_sdb,0.0,0.0,0.0,0.0,0.0,0.0
296,1387000,blk_sdb,12.0,0.0,144.0,0.0,0.0,0.0
296,1388000,blk_sdb,27.0,0.0,420.0,2.0,2.0,16.0
296,1389000,blk_sdb,6.0,0.0,136.0,0.0,0.0,0.0
296,1390000,blk_sdb,19.0,0.0,292.0,0.0,0.0,0.0
296,1391000,blk_sdb,11.0,0.0,320.0,0.0,0.0,0.0
296,1392000,blk_sdb,28.0,0.0,552.0,0.0,0.0,0.0
296,1393000,blk_sdb,14.0,0.0,252.0,2.0,2.0,16.0
296,1394000,blk_sdb,15.0,0.0,432.0,107.0,470.0,2308.0
296,1395000,blk_sdb,18.0,0.0,244.0,0.0,0.0,0.0
296,1396000,blk_sdb,18.0,0.0,188.0,0.0,0.0,0.0
296,1397000,blk_sdb,4.0,0.0,120.0,0.0,0.0,0.0
296,1398000,blk_sdb,0.0,0.0,0.0,2.0,2.0,16.0
296,1399000,blk_sdb,7.0,0.0,144.0,176.0,680.0,3424.0
296,1400000,blk_sdb,12.0,0.0,128.0,0.0,0.0,0.0
296,1401000,blk_sdb,18.0,0.0,324.0,0.0,0.0,0.0
296,1402000,blk_sdb,22.0,0.0,328.0,0.0,0.0,0.0
296,1403000,blk_sdb,1.0,0.0,64.0,2.0,2.0,16.0
296,1404000,blk_sdb,12.0,0.0,280.0,0.0,0.0,0.0
296,1405000,blk_sdb,2.0,0.0,240.0,0.0,0.0,0.0
296,1406000,blk_sdb,17.0,0.0,196.0,0.0,0.0,0.0
296,1407000,blk_sdb,7.0,0.0,148.0,0.0,0.0,0.0
296,1408000,blk_sdb,21.0,0.0,404.0,2.0,2.0,16.0
296,1409000,blk_sdb,23.0,0.0,472.0,0.0,0.0,0.0
296,1410000,blk_sdb,6.0,0.0,84.0,0.0,0.0,0.0
296,1411000,blk_sdb,13.0,0.0,180.0,0.0,0.0,0.0
296,1412000,blk_sdb,17.0,0.0,272.0,0.0,0.0,0.0
296,1413000,blk_sdb,12.0,0.0,172.0,2.0,2.0,16.0
296,1414000,blk_sdb,5.0,0.0,56.0,140.0,4224.0,17456.0
296,1415000,blk_sdb,12.0,0.0,284.0,0.0,0.0,0.0
296,1416000,blk_sdb,19.0,0.0,284.0,0.0,0.0,0.0
296,1417000,blk_sdb,16.0,0.0,284.0,0.0,0.0,0.0
296,1418000,blk_sdb,16.0,0.0,180.0,2.0,2.0,16.0
296,1419000,blk_sdb,10.0,0.0,72.0,0.0,0.0,0.0
296,1420000,blk_sdb,7.0,0.0,60.0,0.0,0.0,0.0
296,1421000,blk_sdb,13.0,0.0,280.0,0.0,0.0,0.0
296,1422000,blk_sdb,6.0,0.0,72.0,0.0,0.0,0.0
296,1423000,blk_sdb,6.0,0.0,88.0,2.0,2.0,16.0
296,1424000,blk_sdb,25.0,0.0,492.0,114.0,488.0,2408.0
296,1425000,blk_sdb,15.0,0.0,140.0,0.0,0.0,0.0
296,1426000,blk_sdb,26.0,0.0,448.0,0.0,0.0,0.0
296,1427000,blk_sdb,5.0,0.0,28.0,0.0,0.0,0.0
296,1428000,blk_sdb,11.0,0.0,192.0,0.0,0.0,0.0
296,1429000,blk_sdb,0.0,0.0,0.0,182.0,687.0,3476.0
296,1430000,blk_sdb,4.0,0.0,100.0,0.0,0.0,0.0
296,1431000,blk_sdb,8.0,0.0,208.0,0.0,0.0,0.0
296,1432000,blk_sdb,17.0,0.0,456.0,0.0,0.0,0.0
296,1433000,blk_sdb,15.0,0.0,220.0,0.0,0.0,0.0
296,1434000,blk_sdb,19.0,0.0,264.0,2.0,2.0,16.0
296,1435000,blk_sdb,13.0,0.0,124.0,0.0,0.0,0.0
296,1436000,blk_sdb,5.0,0.0,148.0,0.0,0.0,0.0
296,1437000,blk_sdb,31.0,0.0,668.0,0.0,0.0,0.0
296,1438000,blk_sdb,18.0,0.0,216.0,0.0,0.0,0.0
296,1439000,blk_sdb,1.0,0.0,68.0,2.0,2.0,16.0
296,1440000,blk_sdb,7.0,0.0,108.0,0.0,0.0,0.0
296,1441000,blk_sdb,9.0,0.0,148.0,0.0,0.0,0.0
296,1442000,blk_sdb,0.0,0.0,0.0,0.0,0.0,0.0
296,1443000,blk_sdb,12.0,0.0,240.0,0.0,0.0,0.0
296,1444000,blk_sdb,23.0,0.0,400.0,2.0,2.0,16.0
296,1445000,blk_sdb,7.0,0.0,224.0,0.0,0.0,0.0
296,1446000,blk_sdb,2.0,0.0,72.0,0.0,0.0,0.0
296,1447000,blk_sdb,14.0,0.0,132.0,0.0,0.0,0.0
296,1448000,blk_sdb,3.0,0.0,16.0,0.0,0.0,0.0
296,1449000,blk_sdb,11.0,0.0,68.0,65.0,2355.0,9680.0
296,1450000,blk_sdb,4.0,0.0,180.0,0.0,0.0,0.0
296,1451000,blk_sdb,26.0,0.0,324.0,0.0,0.0,0.0
296,1452000,blk_sdb,9.0,0.0,264.0,0.0,0.0,0.0
296,1453000,blk_sdb,17.0,0.0,252.0,0.0,0.0,0.0
296,1454000,blk_sdb,8.0,0.0,232.0,139.0,538.0,2708.0
296,1455000,blk_sdb,21.0,0.0,224.0,0.0,0.0,0.0
296,1456000,blk_sdb,11.0,0.0,412.0,0.0,0.0,0.0
296,1457000,blk_sdb,11.0,0.0,136.0,0.0,0.0,0.0
296,1458000,blk_sdb,15.0,0.0,268.0,0.0,0.0,0.0
296,1459000,blk_sdb,33.0,0.0,536.0,212.0,681.0,3572.0
296,1460000,blk_sdb,4.0,0.0,244.0,0.0,0.0,0.0
296,1461000,blk_sdb,12.0,0.0,244.0,0.0,0.0,0.0
296,1462000,blk_sdb,28.0,0.0,400.0,0.0,0.0,0.0
296,1463000,blk_sdb,10.0,0.0,164.0,0.0,0.0,0.0
296,1464000,blk_sdb,23.0,0.0,340.0,2.0,2.0,16.0
296,1465000,blk_sdb,16.0,0.0,160.0,0.0,0.0,0.0
296,1466000,blk_sdb,26.0,0.0,460.0,0.0,0.0,0.0
296,1467000,blk_sdb,22.0,0.0,420.0,0.0,0.0,0.0
296,1468000,blk_sdb,0.0,0.0,0.0,0.0,0.0,0.0
296,1469000,blk_sdb,5.0,0.0,40.0,2.0,2.0,16.0
296,1470000,blk_sdb,13.0,0.0,400.0,0.0,0.0,0.0
296,1471000,blk_sdb,12.0,0.0,100.0,0.0,0.0,0.0
296,1472000,blk_sdb,5.0,0.0,296.0,0.0,0.0,0.0
296,1473000,blk_sdb,11.0,0.0,156.0,0.0,0.0,0.0
296,1474000,blk_sdb,17.0,0.0,292.0,2.0,2.0,16.0
296,1475000,blk_sdb,11.0,0.0,264.0,0.0,0.0,0.0
296,1476000,blk_sdb,7.0,0.0,196.0,0.0,0.0,0.0
296,1477000,blk_sdb,3.0,0.0,56.0,0.0,0.0,0.0
296,1478000,blk_sdb,12.0,0.0,164.0,0.0,0.0,0.0
296,1479000,blk_sdb,11.0,0.0,92.0,2.0,2.0,16.0
296,1480000,blk_sdb,16.0,0.0,412.0,0.0,0.0,0.0
296,1481000,blk_sdb,5.0,0.0,108.0,0.0,0.0,0.0
296,1482000,blk_sdb,7.0,0.0,240.0,0.0,0.0,0.0
296,1483000,blk_sdb,10.0,0.0,340.0,0.0,0.0,0.0
296,1484000,blk_sdb,5.0,0.0,56.0,249.0,2846.0,12380.0
296,1485000,blk_sdb,15.0,0.0,360.0,0.0,0.0,0.0
296,1486000,blk_sdb,0.0,0.0,0.0,0.0,0.0,0.0
296,1487000,blk_sdb,6.0,0.0,108.0,0.0,0.0,0.0
296,1488000,blk_sdb,7.0,0.0,236.0,0.0,0.0,0.0
296,1489000,blk_sdb,2.0,0.0,88.0,240.0,660.0,3600.0
296,1490000,blk_sdb,0.0,0.0,0.0,0.0,0.0,0.0
296,1491000,blk_sdb,18.0,0.0,272.0,0.0,0.0,0.0
296,1492000,blk_sdb,15.0,0.0,204.0,0.0,0.0,0.0
296,1493000,blk_sdb,0.0,0.0,0.0,0.0,0.0,0.0
296,1494000,blk_sdb,7.0,0.0,104.0,2.0,2.0,16.0
296,1495000,blk_sdb,6.0,0.0,96.0,0.0,0.0,0.0
296,1496000,blk_sdb,7.0,0.0,156.0,0.0,0.0,0.0
296,1497000,blk_sdb,18.0,0.0,292.0,0.0,0.0,0.0
296,1498000,blk_sdb,42.0,0.0,604.0,0.0,0.0,0.0
296,1499000,blk_sdb,0.0,0.0,0.0,2.0,2.0,16.0
296,1500000,blk_sdb,15.0,0.0,368.0,0.0,0.0,0.0
296,1501000,blk_sdb,15.0,0.0,504.0,0.0,0.0,0.0
296,1502000,blk_sdb,28.0,0.0,396.0,0.0,0.0,0.0
296,1503000,blk_sdb,2.0,0.0,56.0,0.0,0.0,0.0
296,1504000,blk_sdb,26.0,0.0,368.0,2.0,2.0,16.0
296,1505000,blk_sdb,20.0,0.0,200.0,0.0,0.0,0.0
296,1506000,blk_sdb,8.0,0.0,188.0,0.0,0.0,0.0
296,1507000,blk_sdb,19.0,0.0,608.0,0.0,0.0,0.0
296,1508000,blk_sdb,30.0,0.0,560.0,0.0,0.0,0.0
296,1509000,blk_sdb,10.0,0.0,204.0,2.0,2.0,16.0
296,1510000,blk_sdb,25.0,0.0,464.0,0.0,0.0,0.0
296,1511000,blk_sdb,16.0,0.0,352.0,0.0,0.0,0.0
296,1512000,blk_sdb,5.0,0.0,116.0,0.0,0.0,0.0
296,1513000,blk_sdb,25.0,0.0,632.0,0.0,0.0,0.0
296,1514000,blk_sdb,12.0,0.0,160.0,186.0,528.0,2856.0
296,1515000,blk_sdb,4.0,0.0,60.0,0.0,0.0,0.0
296,1516000,blk_sdb,0.0,0.0,0.0,0.0,0.0,0.0
296,1517000,blk_sdb,6.0,0.0,52.0,0.0,0.0,0.0
296,1518000,blk_sdb,9.0,0.0,48.0,0.0,0.0,0.0
296,1519000,blk_sdb,3.0,0.0,24.0,361.0,2991.0,13408.0
296,1520000,blk_sdb,15.0,0.0,344.0,0.0,0.0,0.0
296,1521000,blk_sdb,19.0,0.0,188.0,0.0,0.0,0.0
296,1522000,blk_sdb,7.0,0.0,136.0,0.0,0.0,0.0
296,1523000,blk_sdb,7.0,0.0,160.0,0.0,0.0,0.0
296,1524000,blk_sdb,18.0,0.0,300.0,2.0,2.0,16.0
296,1525000,blk_sdb,2.0,0.0,56.0,0.0,0.0,0.0
296,1526000,blk_sdb,5.0,0.0,48.0,0.0,0.0,0.0
296,1527000,blk_sdb,4.0,0.0,108.0,0.0,0.0,0.0
296,1528000,blk_sdb,3.0,0.0,88.0,0.0,0.0,0.0
296,1529000,blk_sdb,8.0,0.0,92.0,2.0,2.0,16.0
296,1530000,blk_sdb,21.0,0.0,424.0,0.0,0.0,0.0
296,1531000,blk_sdb,6.0,0.0,160.0,0.0,0.0,0.0
296,1532000,blk_sdb,10.0,0.0,132.0,0.0,0.0,0.0
296,1533000,blk_sdb,7.0,0.0,72.0,0.0,0.0,0.0
296,1534000,blk_sdb,12.0,0.0,208.0,2.0,2.0,16.0
296,1535000,blk_sdb,7.0,0.0,116.0,0.0,0.0,0.0
296,1536000,blk_sdb,17.0,0.0,352.0,0.0,0.0,0.0
296,1537000,blk_sdb,20.0,0.0,328.0,0.0,0.0,0.0
296,1538000,blk_sdb,14.0,0.0,312.0,0.0,0.0,0.0
296,1539000,blk_sdb,0.0,0.0,0.0,2.0,2.0,16.0
296,1540000,blk_sdb,9.0,0.0,188.0,0.0,0.0,0.0
296,1541000,blk_sdb,10.0,0.0,144.0,0.0,0.0,0.0
296,1542000,blk_sdb,26.0,0.0,324.0,0.0,0.0,0.0
296,1543000,blk_sdb,4.0,0.0,140.0,0.0,0.0,0.0
296,1544000,blk_sdb,35.0,0.0,388.0,178.0,510.0,2752.0
296,1545000,blk_sdb,18.0,0.0,264.0,0.0,0.0,0.0
296,1546000,blk_sdb,9.0,0.0,40.0,0.0,0.0,0.0
296,1547000,blk_sdb,22.0,0.0,320.0,0.0,0.0,0.0
296,1548000,blk_sdb,16.0,0.0,236.0,0.0,0.0,0.0
296,1549000,blk_sdb,20.0,0.0,212.0,43.0,532.0,2300.0
296,1550000,blk_sdb,11.0,0.0,168.0,0.0,0.0,0.0
296,1551000,blk_sdb,19.0,0.0,252.0,0.0,0.0,0.0
296,1552000,blk_sdb,10.0,0.0,124.0,0.0,0.0,0.0
296,1553000,blk_sdb,15.0,0.0,324.0,0.0,0.0,0.0
296,1554000,blk_sdb,21.0,0.0,280.0,68.0,2272.0,9360.0
296,1555000,blk_sdb,4.0,0.0,116.0,0.0,0.0,0.0
296,1556000,blk_sdb,0.0,0.0,0.0,0.0,0.0,0.0
296,1557000,blk_sdb,4.0,0.0,136.0,0.0,0.0,0.0
296,1558000,blk_sdb,25.0,0.0,248.0,0.0,0.0,0.0
296,1559000,blk_sdb,10.0,0.0,328.0,2.0,2.0,16.0
296,1560000,blk_sdb,7.0,0.0,220.0,0.0,0.0,0.0
296,1561000,blk_sdb,9.0,0.0,128.0,0.0,0.0,0.0
296,1562000,blk_sdb,6.0,0.0,60.0,0.0,0.0,0.0
296,1563000,blk_sdb,13.0,0.0,448.0,0.0,0.0,0.0
296,1564000,blk_sdb,12.0,0.0,248.0,2.0,2.0,16.0
296,1565000,blk_sdb,5.0,0.0,76.0,0.0,0.0,0.0
296,1566000,blk_sdb,16.0,0.0,216.0,0.0,0.0,0.0
296,1567000,blk_sdb,8.0,0.0,132.0,0.0,0.0,0.0
296,1568000,blk_sdb,7.0,0.0,244.0,0.0,0.0,0.0
296,1569000,blk_sdb,26.0,0.0,644.0,2.0,2.0,16.0
296,1570000,blk_sdb,22.0,0.0,292.0,0.0,0.0,0.0
296,1571000,blk_sdb,15.0,0.0,516.0,0.0,0.0,0.0
296,1572000,blk_sdb,18.0,0.0,156.0,0.0,0.0,0.0
296,1573000,blk_sdb,5.0,0.0,92.0,0.0,0.0,0.0
296,1574000,blk_sdb,20.0,0.0,328.0,200.0,528.0,2912.0
296,1575000,blk_sdb,22.0,0.0,380.0,0.0,0.0,0.0
296,1576000,blk_sdb,11.0,0.0,124.0,0.0,0.0,0.0
296,1577000,blk_sdb,13.0,0.0,140.0,0.0,0.0,0.0
296,1578000,blk_sdb,14.0,0.0,188.0,0.0,0.0,0.0
296,1579000,blk_sdb,20.0,0.0,204.0,68.0,587.0,2620.0
296,1580000,blk_sdb,9.0,0.0,208.0,0.0,0.0,0.0
296,1581000,blk_sdb,21.0,0.0,248.0,0.0,0.0,0.0
296,1582000,blk_sdb,21.0,0.0,340.0,0.0,0.0,0.0
296,1583000,blk_sdb,28.0,0.0,404.0,0.0,0.0,0.0
296,1584000,blk_sdb,23.0,0.0,332.0,2.0,2.0,16.0
296,1585000,blk_sdb,9.0,0.0,124.0,0.0,0.0,0.0
296,1586000,blk_sdb,20.0,0.0,444.0,0.0,0.0,0.0
296,1587000,blk_sdb,14.0,0.0,228.0,0.0,0.0,0.0
296,1588000,blk_sdb,12.0,0.0,164.0,0.0,0.0,0.0
296,1589000,blk_sdb,5.0,0.0,92.0,62.0,2342.0,9616.0
296,1590000,blk_sdb,8.0,0.0,356.0,0.0,0.0,0.0
296,1591000,blk_sdb,9.0,0.0,228.0,0.0,0.0,0.0
296,1592000,blk_sdb,13.0,0.0,264.0,0.0,0.0,0.0
296,1593000,blk_sdb,14.0,0.0,164.0,0.0,0.0,0.0
296,1594000,blk_sdb,8.0,0.0,116.0,2.0,2.0,16.0
296,1595000,blk_sdb,18.0,0.0,184.0,0.0,0.0,0.0
296,1596000,blk_sdb,0.0,0.0,0.0,0.0,0.0,0.0
296,1597000,blk_sdb,20.0,0.0,472.0,0.0,0.0,0.0
296,1598000,blk_sdb,11.0,0.0,164.0,0.0,0.0,0.0
296,1599000,blk_sdb,2.0,0.0,120.0,2.0,2.0,16.0
296,1600000,blk_sdb,14.0,0.0,320.0,0.0,0.0,0.0
296,1601000,blk_sdb,17.0,0.0,192.0,0.0,0.0,0.0
296,1602000,blk_sdb,8.0,0.0,64.0,0.0,0.0,0.0
296,1603000,blk_sdb,0.0,0.0,0.0,0.0,0.0,0.0
296,1604000,blk_sdb,7.0,0.0,272.0,237.0,518.0,3020.0
296,1605000,blk_sdb,6.0,0.0,48.0,0.0,0.0,0.0
296,1606000,blk_sdb,19.0,0.0,388.0,0.0,0.0,0.0
296,1607000,blk_sdb,3.0,0.0,44.0,0.0,0.0,0.0
296,1608000,blk_sdb,2.0,0.0,196.0,0.0,0.0,0.0
296,1609000,blk_sdb,2.0,0.0,8.0,98.0,640.0,2952.0
296,1610000,blk_sdb,6.0,0.0,120.0,0.0,0.0,0.0
296,1611000,blk_sdb,11.0,0.0,224.0,0.0,0.0,0.0
296,1612000,blk_sdb,6.0,0.0,148.0,0.0,0.0,0.0
296,1613000,blk_sdb,8.0,0.0,204.0,0.0,0.0,0.0
296,1614000,blk_sdb,12.0,0.0,164.0,2.0,2.0,16.0
296,1615000,blk_sdb,16.0,0.0,484.0,0.0,0.0,0.0
296,1616000,blk_sdb,24.0,0.0,320.0,0.0,0.0,0.0
296,1617000,blk_sdb,10.0,0.0,176.0,0.0,0.0,0.0
296,1618000,blk_sdb,11.0,0.0,192.0,0.0,0.0,0.0
296,1619000,blk_sdb,21.0,0.0,336.0,2.0,2.0,16.0
296,1620000,blk_sdb,15.0,0.0,216.0,0.0,0.0,0.0
296,1621000,blk_sdb,0.0,0.0,0.0,0.0,0.0,0.0
296,1622000,blk_sdb,0.0,0.0,0.0,0.0,0.0,0.0
296,1623000,blk_sdb,5.0,0.0,232.0,0.0,0.0,0.0
296,1624000,blk_sdb,9.0,0.0,220.0,4.0,20.0,96.0
296,1625000,blk_sdb,7.0,0.0,164.0,0.0,0.0,0.0
296,1626000,blk_sdb,6.0,0.0,60.0,0.0,0.0,0.0
296,1627000,blk_sdb,3.0,0.0,80.0,0.0,0.0,0.0
296,1628000,blk_sdb,12.0,0.0,324.0,0.0,0.0,0.0
296,1629000,blk_sdb,10.0,0.0,176.0,2.0,2.0,16.0
296,1630000,blk_sdb,18.0,0.0,184.0,0.0,0.0,0.0
296,1631000,blk_sdb,5.0,0.0,104.0,0.0,0.0,0.0
296,1632000,blk_sdb,20.0,0.0,356.0,0.0,0.0,0.0
296,1633000,blk_sdb,16.0,0.0,224.0,0.0,0.0,0.0
296,1634000,blk_sdb,19.0,0.0,176.0,268.0,489.0,3028.0
296,1635000,blk_sdb,14.0,0.0,144.0,0.0,0.0,0.0
296,1636000,blk_sdb,6.0,0.0,176.0,0.0,0.0,0.0
296,1637000,blk_sdb,3.0,0.0,84.0,0.0,0.0,0.0
296,1638000,blk_sdb,6.0,0.0,100.0,0.0,0.0,0.0
296,1639000,blk_sdb,18.0,0.0,304.0,126.0,551.0,2708.0
296,1640000,blk_sdb,0.0,0.0,0.0,0.0,0.0,0.0
296,1641000,blk_sdb,16.0,0.0,312.0,0.0,0.0,0.0
296,1642000,blk_sdb,8.0,0.0,128.0,0.0,0.0,0.0
296,1643000,blk_sdb,19.0,0.0,236.0,0.0,0.0,0.0
296,1644000,blk_sdb,17.0,0.0,188.0,2.0,2.0,16.0
296,1645000,blk_sdb,25.0,0.0,316.0,0.0,0.0,0.0
296,1646000,blk_sdb,15.0,0.0,408.0,0.0,0.0,0.0
296,1647000,blk_sdb,10.0,0.0,136.0,0.0,0.0,0.0
296,1648000,blk_sdb,13.0,0.0,164.0,0.0,0.0,0.0
296,1649000,blk_sdb,14.0,0.0,196.0,2.0,2.0,16.0
296,1650000,blk_sdb,23.0,0.0,352.0,0.0,0.0,0.0
296,1651000,blk_sdb,31.0,0.0,416.0,0.0,0.0,0.0
296,1652000,blk_sdb,23.0,0.0,364.0,0.0,0.0,0.0
296,1653000,blk_sdb,16.0,0.0,240.0,0.0,0.0,0.0
296,1654000,blk_sdb,10.0,0.0,216.0,131.0,4269.0,17600.0
296,1655000,blk_sdb,13.0,0.0,156.0,0.0,0.0,0.0
296,1656000,blk_sdb,12.0,0.0,248.0,0.0,0.0,0.0
296,1657000,blk_sdb,19.0,0.0,320.0,0.0,0.0,0.0
296,1658000,blk_sdb,2.0,0.0,56.0,0.0,0.0,0.0
296,1659000,blk_sdb,7.0,0.0,40.0,2.0,2.0,16.0
296,1660000,blk_sdb,20.0,0.0,200.0,0.0,0.0,0.0
296,1661000,blk_sdb,8.0,0.0,64.0,0.0,0.0,0.0
296,1662000,blk_sdb,7.0,0.0,200.0,0.0,0.0,0.0
296,1663000,blk_sdb,10.0,0.0,196.0,0.0,0.0,0.0
296,1664000,blk_sdb,30.0,0.0,536.0,72.0,444.0,2064.0
296,1665000,blk_sdb,10.0,0.0,156.0,0.0,0.0,0.0
296,1666000,blk_sdb,15.0,0.0,380.0,0.0,0.0,0.0
296,1667000,blk_sdb,8.0,0.0,56.0,0.0,0.0,0.0
296,1668000,blk_sdb,16.0,0.0,208.0,0.0,0.0,0.0
296,1669000,blk_sdb,3.0,0.0,108.0,131.0,632.0,3052.0
296,1670000,blk_sdb,9.0,0.0,156.0,0.0,0.0,0.0
296,1671000,blk_sdb,14.0,0.0,196.0,0.0,0.0,0.0
296,1672000,blk_sdb,4.0,0.0,84.0,0.0,0.0,0.0
296,1673000,blk_sdb,0.0,0.0,0.0,0.0,0.0,0.0
296,1674000,blk_sdb,13.0,0.0,180.0,2.0,2.0,16.0
296,1675000,blk_sdb,22.0,0.0,276.0,0.0,0.0,0.0
296,1676000,blk_sdb,12.0,0.0,304.0,0.0,0.0,0.0
296,1677000,blk_sdb,19.0,0.0,464.0,0.0,0.0,0.0
296,1678000,blk_sdb,0.0,0.0,0.0,0.0,0.0,0.0
296,1679000,blk_sdb,25.0,0.0,364.0,2.0,2.0,16.0
296,1680000,blk_sdb,18.0,0.0,220.0,0.0,0.0,0.0
296,1681000,blk_sdb,22.0,0.0,208.0,0.0,0.0,0.0
296,1682000,blk_sdb,16.0,0.0,216.0,0.0,0.0,0.0
296,1683000,blk_sdb,5.0,0.0,80.0,0.0,0.0,0.0
296,1684000,blk_sdb,0.0,0.0,0.0,2.0,2.0,16.0
296,1685000,blk_sdb,14.0,0.0,168.0,0.0,0.0,0.0
296,1686000,blk_sdb,22.0,0.0,404.0,0.0,0.0,0.0
296,1687000,blk_sdb,3.0,0.0,208.0,0.0,0.0,0.0
296,1688000,blk_sdb,14.0,0.0,328.0,0.0,0.0,0.0
296,1689000,blk_sdb,12.0,0.0,172.0,74.0,2298.0,9488.0
296,1690000,blk_sdb,4.0,0.0,80.0,0.0,0.0,0.0
296,1691000,blk_sdb,0.0,0.0,0.0,0.0,0.0,0.0
296,1692000,blk_sdb,0.0,0.0,0.0,0.0,0.0,0.0
296,1693000,blk_sdb,10.0,0.0,256.0,0.0,0.0,0.0
296,1694000,blk_sdb,6.0,0.0,68.0,75.0,383.0,1832.0
296,1695000,blk_sdb,8.0,0.0,196.0,0.0,0.0,0.0
296,1696000,blk_sdb,9.0,0.0,276.0,0.0,0.0,0.0
296,1697000,blk_sdb,0.0,0.0,0.0,0.0,0.0,0.0
296,1698000,blk_sdb,10.0,0.0,96.0,0.0,0.0,0.0
296,1699000,blk_sdb,4.0,0.0,104.0,19.0,580.0,688.0
296,1700000,blk_sdb,6.0,0.0,80.0,112.0,0.0,2156.0
296,1701000,blk_sdb,2.0,0.0,84.0,0.0,0.0,0.0
296,1702000,blk_sdb,0.0,0.0,0.0,0.0,0.0,0.0
296,1703000,blk_sdb,0.0,0.0,0.0,0.0,0.0,0.0
296,1704000,blk_sdb,19.0,0.0,260.0,2.0,2.0,16.0
296,1705000,blk_sdb,9.0,0.0,68.0,0.0,0.0,0.0
296,1706000,blk_sdb,3.0,0.0,52.0,0.0,0.0,0.0
296,1707000,blk_sdb,5.0,0.0,80.0,0.0,0.0,0.0
296,1708000,blk_sdb,5.0,0.0,64.0,0.0,0.0,0.0
296,1709000,blk_sdb,4.0,0.0,92.0,2.0,2.0,16.0
296,1710000,blk_sdb,14.0,0.0,112.0,0.0,0.0,0.0
296,1711000,blk_sdb,0.0,0.0,0.0,0.0,0.0,0.0
296,1712000,blk_sdb,1.0,0.0,76.0,0.0,0.0,0.0
296,1713000,blk_sdb,1.0,0.0,56.0,0.0,0.0,0.0
296,1714000,blk_sdb,4.0,0.0,132.0,2.0,2.0,16.0
296,1715000,blk_sdb,1.0,0.0,28.0,0.0,0.0,0.0
296,1716000,blk_sdb,1.0,0.0,36.0,0.0,0.0,0.0
296,1717000,blk_sdb,0.0,0.0,0.0,0.0,0.0,0.0
296,1718000,blk_sdb,0.0,0.0,0.0,0.0,0.0,0.0
296,1719000,blk_sdb,0.0,0.0,0.0,2.0,2.0,16.0
296,1720000,blk_sdb,0.0,0.0,0.0,0.0,0.0,0.0
296,1721000,blk_sdb,5.0,0.0,52.0,0.0,0.0,0.0
296,1722000,blk_sdb,29.0,0.0,352.0,0.0,0.0,0.0
296,1723000,blk_sdb,4.0,0.0,40.0,0.0,0.0,0.0
296,1724000,blk_sdb,15.0,0.0,328.0,16.0,1587.0,3376.0
296,1725000,blk_sdb,1.0,0.0,88.0,90.0,2.0,3404.0
296,1726000,blk_sdb,14.0,0.0,168.0,0.0,0.0,0.0
296,1727000,blk_sdb,3.0,0.0,12.0,0.0,0.0,0.0
296,1728000,blk_sdb,0.0,0.0,0.0,0.0,0.0,0.0
296,1729000,blk_sdb,0.0,0.0,0.0,75.0,436.0,1448.0
296,1730000,blk_sdb,2.0,0.0,156.0,57.0,2.0,832.0
296,1731000,blk_sdb,6.0,0.0,72.0,0.0,0.0,0.0
296,1732000,blk_sdb,1.0,0.0,104.0,0.0,0.0,0.0
296,1733000,blk_sdb,0.0,0.0,0.0,0.0,0.0,0.0
296,1734000,blk_sdb,14.0,0.0,188.0,0.0,0.0,0.0
296,1735000,blk_sdb,0.0,0.0,0.0,2.0,2.0,16.0
296,1736000,blk_sdb,11.0,0.0,136.0,0.0,0.0,0.0
296,1737000,blk_sdb,0.0,0.0,0.0,0.0,0.0,0.0
296,1738000,blk_sdb,3.0,0.0,52.0,0.0,0.0,0.0
296,1739000,blk_sdb,5.0,0.0,68.0,0.0,0.0,0.0
296,1740000,blk_sdb,24.0,0.0,540.0,2.0,2.0,16.0
296,1741000,blk_sdb,3.0,0.0,68.0,0.0,0.0,0.0
296,1742000,blk_sdb,4.0,0.0,36.0,0.0,0.0,0.0
296,1743000,blk_sdb,14.0,0.0,204.0,0.0,0.0,0.0
296,1744000,blk_sdb,3.0,0.0,84.0,0.0,0.0,0.0
296,1745000,blk_sdb,0.0,0.0,0.0,2.0,2.0,16.0
296,1746000,blk_sdb,0.0,0.0,0.0,0.0,0.0,0.0
296,1747000,blk_sdb,4.0,0.0,112.0,0.0,0.0,0.0
296,1748000,blk_sdb,5.0,0.0,164.0,0.0,0.0,0.0
296,1749000,blk_sdb,4.0,0.0,92.0,0.0,0.0,0.0
296,1750000,blk_sdb,19.0,0.0,244.0,2.0,2.0,16.0
296,1751000,blk_sdb,0.0,0.0,0.0,0.0,0.0,0.0
296,1752000,blk_sdb,5.0,0.0,84.0,0.0,0.0,0.0
296,1753000,blk_sdb,0.0,0.0,0.0,0.0,0.0,0.0
296,1754000,blk_sdb,1.0,0.0,76.0,66.0,159.0,472.0
296,1755000,blk_sdb,9.0,0.0,156.0,6.0,2.0,460.0
296,1756000,blk_sdb,6.0,0.0,88.0,0.0,0.0,0.0
296,1757000,blk_sdb,9.0,0.0,228.0,0.0,0.0,0.0
296,1758000,blk_sdb,6.0,0.0,32.0,0.0,0.0,0.0
296,1759000,blk_sdb,0.0,0.0,0.0,37.0,2206.0,4480.0
296,1760000,blk_sdb,5.0,0.0,140.0,158.0,125.0,5624.0
296,1761000,blk_sdb,0.0,0.0,0.0,0.0,0.0,0.0
296,1762000,blk_sdb,0.0,0.0,0.0,0.0,0.0,0.0
296,1763000,blk_sdb,1.0,0.0,20.0,0.0,0.0,0.0
296,1764000,blk_sdb,6.0,0.0,56.0,0.0,0.0,0.0
296,1765000,blk_sdb,4.0,0.0,144.0,0.0,0.0,0.0
296,1766000,blk_sdb,5.0,0.0,108.0,2.0,2.0,16.0
296,1767000,blk_sdb,21.0,0.0,284.0,0.0,0.0,0.0
296,1768000,blk_sdb,19.0,0.0,240.0,0.0,0.0,0.0
296,1769000,blk_sdb,17.0,0.0,96.0,0.0,0.0,0.0
296,1770000,blk_sdb,19.0,0.0,464.0,0.0,0.0,0.0
296,1771000,blk_sdb,5.0,0.0,124.0,2.0,2.0,16.0
296,1772000,blk_sdb,1.0,0.0,24.0,0.0,0.0,0.0
296,1773000,blk_sdb,3.0,0.0,52.0,0.0,0.0,0.0
296,1774000,blk_sdb,9.0,0.0,44.0,0.0,0.0,0.0
296,1775000,blk_sdb,5.0,0.0,56.0,0.0,0.0,0.0
296,1776000,blk_sdb,24.0,0.0,340.0,2.0,2.0,16.0
296,1777000,blk_sdb,10.0,0.0,136.0,0.0,0.0,0.0
296,1778000,blk_sdb,0.0,0.0,0.0,0.0,0.0,0.0
296,1779000,blk_sdb,21.0,0.0,260.0,0.0,0.0,0.0
296,1780000,blk_sdb,26.0,0.0,316.0,0.0,0.0,0.0
296,1781000,blk_sdb,11.0,0.0,244.0,2.0,2.0,16.0
296,1782000,blk_sdb,0.0,0.0,0.0,0.0,0.0,0.0
296,1783000,blk_sdb,15.0,0.0,108.0,0.0,0.0,0.0
296,1784000,blk_sdb,4.0,0.0,184.0,0.0,0.0,0.0
296,1785000,blk_sdb,10.0,0.0,416.0,105.0,329.0,1736.0
296,1786000,blk_sdb,14.0,0.0,224.0,3.0,2.0,20.0
296,1787000,blk_sdb,11.0,0.0,192.0,0.0,0.0,0.0
296,1788000,blk_sdb,20.0,0.0,396.0,0.0,0.0,0.0
296,1789000,blk_sdb,16.0,0.0,576.0,0.0,0.0,0.0
296,1790000,blk_sdb,24.0,0.0,192.0,83.0,540.0,2492.0
296,1791000,blk_sdb,10.0,0.0,200.0,3.0,1.0,16.0
296,1792000,blk_sdb,26.0,0.0,540.0,0.0,0.0,0.0
296,1793000,blk_sdb,8.0,0.0,112.0,0.0,0.0,0.0
296,1794000,blk_sdb,16.0,0.0,204.0,0.0,0.0,0.0
296,1795000,blk_sdb,4.0,0.0,48.0,50.0,2078.0,8512.0
296,1796000,blk_sdb,19.0,0.0,236.0,2.0,2.0,16.0
296,1797000,blk_sdb,18.0,0.0,296.0,0.0,0.0,0.0
296,1798000,blk_sdb,10.0,0.0,276.0,0.0,0.0,0.0
296,1799000,blk_sdb,26.0,0.0,332.0,0.0,0.0,0.0
296,1800000,blk_sdb,3.0,0.0,104.0,0.0,0.0,0.0
296,1801000,blk_sdb,1.0,0.0,20.0,2.0,2.0,16.0
